Rank,Name,Count
1,James,4625363
2,Robert,4357620
3,John,4354502
4,Michael,4345849
5,David,3564272
6,William,3484904
7,Richard,2423956
8,Joseph,2300049
9,Thomas,2134536
10,Christopher,2049683
11,Charles,2037956
12,Daniel,1905388
13,Matthew,1620154
14,Anthony,1409172
15,Mark,1349030
16,Donald,1308961
17,Steven,1284623
18,Andrew,1257112
19,Paul,1252337
20,Joshua,1231302
21,Kenneth,1204693
22,Kevin,1178801
23,Brian,1170401
24,George,1085858
25,Timothy,1074172
26,Ronald,1071731
27,Jason,1043551
28,Edward,1041890
29,Jeffrey,977623
30,Ryan,952490
31,Jacob,947952
32,Gary,900434
33,Nicholas,899086
34,Eric,882217
35,Jonathan,857270
36,Stephen,837588
37,Larry,801849
38,Justin,783529
39,Scott,770424
40,Brandon,765789
41,Benjamin,758472
42,Samuel,721821
43,Gregory,708305
44,Alexander,691200
45,Patrick,666181
46,Frank,660209
47,Raymond,646002
48,Jack,633602
49,Dennis,610563
50,Jerry,600515
51,Tyler,597858
52,Aaron,592045
53,Jose,568068
54,Adam,560808
55,Nathan,558970
56,Henry,552968
57,Zachary,545913
58,Douglas,545422
59,Peter,535380
60,Kyle,482820
61,Noah,464528
62,Ethan,462968
63,Jeremy,442542
64,Walter,441463
65,Christian,438912
66,Keith,430292
67,Roger,425514
68,Terry,422428
69,Sean,421575
70,Austin,421556
71,Gerald,418792
72,Carl,411799
73,Harold,408283
74,Dylan,397782
75,Arthur,392380
76,Lawrence,391246
77,Jordan,390269
78,Jesse,386986
79,Bryan,385005
80,Billy,375358
81,Bruce,374490
82,Gabriel,373275
83,Joe,370795
84,Logan,367878
85,Alan,353230
86,Juan,351173
87,Albert,348721
88,Willie,348272
89,Elijah,341144
90,Wayne,333019
91,Randy,328758
92,Vincent,323905
93,Mason,320453
94,Roy,320261
95,Ralph,314494
96,Bobby,313196
97,Russell,312092
98,Bradley,309375
99,Philip,309217
100,Eugene,308677
101,Johnny,308169
102,Caleb,306799
103,Shawn,305230
104,Travis,303528
105,Louis,303043
106,Phillip,299456
107,Isaac,299439
108,Craig,298515
109,Lucas,298482
110,Luke,298423
111,Cameron,297705
112,Victor,295589
113,Carlos,295030
114,Liam,294218
115,Cody,288367
116,Jimmy,285032
117,Danny,284506
118,Luis,282612
119,Todd,281814
120,Martin,278652
121,Evan,277872
122,Jackson,272955
123,Joel,269978
124,Nathaniel,269818
125,Harry,266907
126,Alex,265445
127,Dale,262759
128,Howard,258616
129,Adrian,254984
130,Hunter,252403
131,Angel,250403
132,Antonio,249027
133,Allen,246459
134,Ian,244438
135,Rodney,243205
136,Curtis,243109
137,Stanley,241608
138,Chad,240372
139,Aiden,239503
140,Theodore,238879
141,Jayden,238293
142,Tony,237770
143,Fred,237046
144,Isaiah,235974
145,Derek,235261
146,Leonard,234311
147,Julian,234085
148,Jesus,233221
149,Marcus,233136
150,Jeffery,229920
151,Connor,226752
152,Steve,224779
153,Ernest,224725
154,Glenn,222349
155,Ricky,222302
156,Marvin,220666
157,Frederick,217918
158,Wesley,216658
159,Owen,214633
160,Francis,213802
161,Jeremiah,211937
162,Troy,208771
163,Norman,208232
164,Dustin,207132
165,Earl,206576
166,Oliver,205917
167,Melvin,205692
168,Jared,203601
169,Calvin,200322
170,Edwin,199561
171,Clarence,198366
172,Lee,196588
173,Randall,196215
174,Mike,191365
175,Shane,191133
176,Sebastian,190386
177,Eddie,188249
178,Wyatt,187989
179,Carter,187128
180,Gavin,185106
181,Leo,184615
182,Corey,183847
183,Miguel,183444
184,Jay,183434
185,Blake,182219
186,Ronnie,182123
187,Levi,181243
188,Barry,180426
189,Alfred,179040
190,Dean,177958
191,Dominic,177696
192,Landon,176207
193,Chase,174526
194,Tommy,173835
195,Manuel,172381
196,Oscar,171099
197,Jon,167013
198,Ray,166332
199,Seth,162586
200,Herbert,161841
201,Trevor,159679
202,Leroy,159470
203,Brett,158595
204,Mitchell,158312
205,Darrell,156485
206,Don,156401
207,Erik,155479
208,Devin,154401
209,Bernard,153765
210,Micheal,152083
211,Xavier,149956
212,Clifford,148933
213,Jerome,147267
214,Cole,147182
215,Bill,146343
216,Warren,146028
217,Leon,145581
218,Mario,144947
219,Derrick,144385
220,Chris,143456
221,Ricardo,143241
222,Max,142113
223,Colton,141112
224,Alejandro,140393
225,Marc,139871
226,Brent,139287
227,Eli,137454
228,Jorge,135804
229,Jim,135592
230,Francisco,135281
231,Ivan,134107
232,Garrett,132743
233,Alvin,131705
234,Josiah,131466
235,Brayden,130686
236,Gordon,130358
237,Colin,130221
238,Charlie,127460
239,Andre,127315
240,Cory,126653
241,Grant,126239
242,Edgar,125984
243,Clayton,125042
244,Franklin,123769
245,Carson,122309
246,Lloyd,121352
247,Jake,120502
248,Tristan,120377
249,Bryce,120035
250,Gene,119108
251,Parker,118851
252,Nolan,118733
253,Diego,118331
254,Spencer,118237
255,Tom,118164
256,Jeff,116081
257,Vernon,115954
258,Lewis,115797
259,Aidan,115123
260,Maurice,114831
261,Preston,113337
262,Casey,112728
263,Duane,111911
264,Floyd,111566
265,Ruben,110447
266,Taylor,110206
267,Grayson,110062
268,Glen,109933
269,Roberto,109927
270,Gilbert,109681
271,Micah,107813
272,Reginald,107480
273,Eduardo,107022
274,Hayden,106300
275,Hector,104845
276,Cooper,104722
277,Lance,104605
278,Clyde,103753
279,Javier,103735
280,Darren,103284
281,Elias,102995
282,Jaxon,102839
283,Omar,101127
284,Jimmie,101087
285,Maxwell,100741
286,Damian,100035
287,Miles,99875
288,Everett,99603
289,Fernando,99315
290,Neil,99173
291,Riley,97182
292,Johnathan,96297
293,Tanner,95492
294,Dan,95091
295,Harvey,95010
296,Nicolas,94912
297,Mateo,92737
298,Brady,92551
299,Karl,92431
300,Darryl,91971
301,Leslie,91576
302,Lester,91264
303,Brendan,91002
304,Herman,90868
305,Dakota,89907
306,Andres,89838
307,Allan,89641
308,Hudson,89013
309,Lincoln,88990
310,Jessie,88384
311,Pedro,88233
312,Abraham,88053
313,Andy,87801
314,Asher,87308
315,Jamie,86798
316,Clinton,86443
317,Milton,86368
318,Bob,86190
319,Raul,85388
320,Kurt,85280
321,Roman,85039
322,Emmanuel,84465
323,Sam,84244
324,Ayden,84142
325,Lonnie,83868
326,Leonardo,83782
327,Marshall,83746
328,Harrison,83683
329,Roland,83423
330,Rafael,83233
331,Kaleb,82981
332,Brad,82957
333,Arnold,82334
334,Dalton,82246
335,Tim,82178
336,Jace,82034
337,Johnnie,81959
338,Ashton,81729
339,Rick,81703
340,Santiago,81426
341,Kelly,80372
342,Giovanni,80201
343,Sergio,79456
344,Collin,79366
345,Tyrone,78967
346,Jaden,78894
347,Ezra,78548
348,Jackie,78418
349,Chester,77778
350,Greg,77641
351,Cecil,77264
352,Brody,76726
353,Drew,76503
354,Erick,76130
355,Cesar,76098
356,Jonah,76037
357,Dwayne,76033
358,Bryson,75743
359,Byron,74542
360,Lorenzo,73928
361,Guy,73595
362,Marco,73569
363,Ross,73562
364,Dwight,73473
365,Armando,73413
366,Mathew,73327
367,Angelo,72922
368,Ramon,72884
369,Elmer,71959
370,Devon,71788
371,Terrence,71551
372,Shaun,70162
373,Jaime,70024
374,Terrance,69541
375,Easton,69108
376,Nelson,69087
377,Wade,68517
378,Ted,68423
379,Kent,68274
380,Freddie,68257
381,Felix,67621
382,Kirk,67373
383,Perry,66945
384,Cristian,66889
385,Caden,66735
386,Ezekiel,66415
387,Kaden,66200
388,Damon,66133
389,Alexis,66006
390,Israel,65281
391,Stuart,65219
392,Jonathon,65198
393,Kayden,64777
394,Dillon,64144
395,Wallace,63846
396,Dallas,62825
397,Julius,62721
398,Kristopher,62675
399,Daryl,62275
400,Claude,62006
401,Ben,61856
402,Damien,61776
403,Rickey,61572
404,Julio,61345
405,Jaxson,61314
406,Hugh,61246
407,Avery,61185
408,Sidney,61052
409,Weston,60727
410,Alberto,60582
411,Tracy,60384
412,Malcolm,60336
413,Emmett,60275
414,Donnie,60087
415,Abel,59989
416,Gage,59831
417,Simon,59637
418,Dominick,59390
419,Donovan,59196
420,Braxton,59025
421,Axel,58669
422,Clifton,58666
423,Enrique,58658
424,Silas,58356
425,Ryder,58288
426,Trenton,57700
427,Malachi,57661
428,Fredrick,57353
429,Sawyer,57219
430,Kai,57087
431,Dave,56699
432,Conner,55349
433,Bennett,55301
434,Arturo,54920
435,Alfredo,54553
436,Bentley,54415
437,Josue,54378
438,Geoffrey,54063
439,Gerard,54028
440,Camden,53511
441,Alec,53503
442,Gerardo,53446
443,Rex,53411
444,Elliott,53252
445,Myles,53088
446,Zane,52977
447,Joey,52901
448,Luca,52830
449,Darius,52744
450,Jameson,52666
451,Colby,52477
452,Chance,52222
453,Marion,52110
454,Willard,51972
455,Shannon,51934
456,Dana,51880
457,Graham,51808
458,Greyson,51778
459,Beau,51585
460,Kenny,51345
461,Marcos,51323
462,Virgil,51142
463,Trent,51114
464,Maverick,50964
465,Kelvin,50877
466,Elliot,50868
467,Peyton,50766
468,Neal,50548
469,Declan,50355
470,Bryant,49967
471,Kerry,49813
472,Tucker,49426
473,Morris,49137
474,Lyle,48706
475,Rene,48702
476,Rudy,47964
477,Leland,47928
478,Emanuel,47802
479,Lynn,47761
480,Wendell,47727
481,Jasper,47583
482,Dante,47509
483,Noel,47505
484,Garry,47335
485,Malik,47273
486,Kaiden,47174
487,Salvatore,47109
488,Jude,46955
489,Salvador,46835
490,Ty,46637
491,Pablo,46533
492,Orlando,46497
493,Tyson,46204
494,Emilio,45899
495,Randolph,45783
496,Braden,45696
497,Roderick,45683
498,Griffin,45679
499,Otis,45570
500,Robin,45507
501,August,45172
502,Amir,45117
503,Dawson,44837
504,Benny,44775
505,Luther,44401
506,Earnest,43816
507,Clark,43678
508,Carlton,43645
509,Lane,43109
510,Ernesto,43070
511,Grady,42849
512,Brooks,42766
513,Brock,42485
514,Sammy,42153
515,Forrest,42000
516,Maddox,41855
517,Fabian,41846
518,Nick,41787
519,Jermaine,41640
520,Bennie,41587
521,Morgan,41581
522,Skyler,40791
523,Cedric,40780
524,Frankie,40771
525,Loren,40705
526,Rudolph,40573
527,Quentin,40473
528,Lukas,40086
529,Ira,39982
530,Kingston,39927
531,Hubert,39832
532,Ismael,39735
533,Waylon,39732
534,Trey,39492
535,Alton,39037
536,Zion,39021
537,Corbin,38984
538,Saul,38952
539,Gustavo,38821
540,Jayce,38793
541,Jalen,38716
542,Myron,38565
543,Cayden,38434
544,Alonzo,38268
545,Edmund,38142
546,Alfonso,37703
547,Gael,37686
548,Nickolas,37662
549,Jaylen,37649
550,Ellis,37395
551,Delbert,37251
552,Junior,37218
553,Archie,37213
554,Desmond,37197
555,Keegan,37118
556,Willis,36987
557,Wilson,36967
558,Kameron,36765
559,Reid,36711
560,Homer,36581
561,Rowan,36443
562,Gregg,36358
563,Clay,36327
564,Ron,36265
565,Horace,36183
566,Kyler,36159
567,Terrell,35724
568,Drake,35651
569,Xander,35517
570,Demetrius,35369
571,Moses,35314
572,Wilbur,35284
573,Ryker,35135
574,Chandler,35082
575,Quinn,34910
576,Pete,34884
577,Kim,34882
578,Sheldon,34590
579,Jayson,34584
580,Lowell,34536
581,Dexter,34424
582,Kendall,34297
583,Toby,33965
584,Terence,33794
585,Walker,33603
586,Esteban,33279
587,Harley,33271
588,Emiliano,33142
589,Conrad,32944
590,King,32847
591,Rodolfo,32736
592,Ken,32677
593,Jamal,32670
594,Dane,32606
595,Brennan,32604
596,Darin,32446
597,Laurence,32421
598,Hugo,32308
599,Reed,32228
600,Sylvester,32226
601,Milo,32156
602,Joaquin,32143
603,Sherman,32024
604,Rylan,31997
605,Roosevelt,31877
606,Marty,31840
607,Jaiden,31681
608,Lamar,31674
609,Sterling,31674
610,Kendrick,31533
611,Clint,31441
612,Jakob,31437
613,Jody,31388
614,Mack,31322
615,Maximus,31289
616,Zackary,31181
617,Ali,31114
618,Bradford,31044
619,Rory,31016
620,Cade,30886
621,Blaine,30812
622,Teddy,30736
623,Guillermo,30727
624,Wilbert,30677
625,Solomon,30589
626,Rhett,30375
627,Marlon,30226
628,River,30186
629,Quinton,29986
630,Felipe,29930
631,Bret,29750
632,Zachery,29684
633,Royce,29660
634,Irvin,29586
635,Zachariah,29564
636,Moises,29551
637,Darrin,29519
638,Finn,29487
639,Adan,29398
640,Ervin,29362
641,Brantley,29344
642,Judah,29214
643,Lionel,29082
644,Cornelius,29065
645,Davis,28981
646,Randal,28955
647,Holden,28897
648,Deandre,28869
649,Tommie,28834
650,Heath,28686
651,Darrel,28600
652,Anderson,28359
653,Carroll,28321
654,Darnell,28313
655,Tomas,28111
656,Winston,27849
657,Billie,27819
658,Gilberto,27705
659,Stewart,27630
660,Branden,27395
661,Rocky,27373
662,Barrett,27341
663,Cruz,27074
664,Stephan,26955
665,Zayden,26864
666,Mickey,26860
667,Amos,26779
668,Doyle,26702
669,Will,26530
670,Antoine,26458
671,Emerson,26395
672,Conor,26256
673,Rocco,26239
674,Freddy,26141
675,Zander,26107
676,Dewayne,25999
677,Irving,25987
678,Landen,25980
679,Dewey,25967
680,Dick,25892
681,Rodrigo,25860
682,Quincy,25812
683,Matteo,25728
684,Timmy,25690
685,Van,25638
686,Brenden,25548
687,Jerald,25501
688,Johnathon,25381
689,Jonas,25367
690,Amari,25356
691,Tobias,25301
692,Jarrod,25233
693,Rogelio,25197
694,Ramiro,25148
695,Karter,25123
696,Aubrey,25093
697,Rufus,24775
698,Paxton,24650
699,Reuben,24267
700,Payton,24187
701,Cash,24143
702,Colt,24127
703,Marquis,24067
704,Vance,24042
705,Louie,23996
706,Rolando,23945
707,Darwin,23927
708,Pat,23902
709,Leonel,23734
710,Titus,23733
711,Lamont,23600
712,Cary,23451
713,Guadalupe,23355
714,Elbert,23298
715,Adriel,23253
716,Dominique,23158
717,Kody,23129
718,Cyrus,23090
719,Nikolas,22854
720,Mauricio,22847
721,Issac,22776
722,Jase,22608
723,Jarrett,22576
724,Dorian,22556
725,Beckett,22545
726,Doug,22456
727,Noe,22406
728,Khalil,22361
729,Courtney,22342
730,Monte,22283
731,Merle,22199
732,Thaddeus,22189
733,Isiah,22121
734,Theo,22113
735,Boyd,22094
736,Romeo,22059
737,Jan,21960
738,Enzo,21959
739,Tate,21898
740,Jax,21829
741,Otto,21808
742,Matt,21756
743,Jean,21708
744,Caiden,21684
745,Messiah,21683
746,Stacy,21649
747,Bert,21640
748,Gunner,21553
749,Harlan,21550
750,Percy,21511
751,Archer,21428
752,Buddy,21347
753,Keaton,21184
754,Jefferson,21020
755,Phoenix,20995
756,Nathanael,20972
757,Tristen,20962
758,Aden,20922
759,Orville,20908
760,Rodger,20854
761,Robbie,20854
762,Raphael,20636
763,Eldon,20602
764,Bailey,20558
765,Wilfred,20521
766,Remington,20468
767,Maximiliano,20465
768,Kade,20405
769,Kobe,20360
770,Stefan,20355
771,Jett,20234
772,Kristian,20216
773,Ariel,20184
774,Brendon,19912
775,Vicente,19899
776,Reynaldo,19884
777,Denis,19765
778,Orion,19747
779,Jamison,19704
780,Prince,19639
781,Thiago,19531
782,Duncan,19429
783,Vaughn,19400
784,Nehemiah,19395
785,Derick,19372
786,Reece,19322
787,Edmond,19297
788,Emil,19221
789,Ace,19151
790,Ahmad,19125
791,Justice,19100
792,Legend,19080
793,Marlin,19032
794,Aron,19014
795,Uriel,19013
796,Garland,18992
797,Karson,18861
798,Sonny,18819
799,Gideon,18724
800,Scotty,18681
801,Matias,18584
802,Knox,18578
803,Anton,18479
804,Cohen,18467
805,Dion,18363
806,Woodrow,18312
807,Ignacio,18164
808,Efrain,18157
809,Sammie,18150
810,Nash,18130
811,Phil,18086
812,Kurtis,18015
813,Marcel,18014
814,Jess,18011
815,Ari,17983
816,Abram,17909
817,Skylar,17881
818,Chuck,17800
819,Muhammad,17787
820,Pierre,17765
821,Ezequiel,17747
822,Luka,17694
823,Mohamed,17693
824,Braylon,17692
825,Rusty,17670
826,Keenan,17661
827,Zackery,17630
828,Pierce,17561
829,Bobbie,17472
830,Reese,17420
831,Major,17394
832,Maximilian,17343
833,Kane,17279
834,Burton,17191
835,Porter,17145
836,Javon,17113
837,Elton,17100
838,Asa,17052
839,Santos,17031
840,Jarvis,16984
841,Kareem,16924
842,Cleveland,16870
843,Elvin,16838
844,Ronan,16734
845,Damion,16651
846,Humberto,16610
847,Elvis,16520
848,Gunnar,16518
849,Isaias,16431
850,Kellen,16371
851,Rickie,16335
852,Iker,16320
853,Curt,16314
854,Darian,16313
855,Augustus,16272
856,Adonis,16270
857,Arlo,16238
858,Alvaro,16184
859,Ahmed,16079
860,Nico,16049
861,Moshe,15954
862,Rashad,15947
863,Aldo,15929
864,Josh,15838
865,Nasir,15834
866,Loyd,15800
867,Tyrell,15789
868,Bart,15764
869,Deshawn,15717
870,Murray,15709
871,Jamar,15676
872,Mohammad,15654
873,Carey,15645
874,Denver,15618
875,Grover,15606
876,Colten,15598
877,Ulysses,15551
878,Cullen,15550
879,Brayan,15545
880,Kolton,15535
881,Galen,15523
882,Ed,15480
883,Ernie,15478
884,Donte,15462
885,Adolfo,15440
886,Kieran,15422
887,Finley,15369
888,Norbert,15352
889,Jeffry,15338
890,Emery,15274
891,Coleman,15266
892,Ibrahim,15260
893,Agustin,15182
894,Brice,15090
895,Erwin,15040
896,Denny,15029
897,Quintin,15023
898,Royal,15021
899,Ashley,14993
900,Monty,14937
901,Lawson,14917
902,Deon,14884
903,Brenton,14782
904,Mohammed,14780
905,Alden,14735
906,Hank,14681
907,Atticus,14663
908,Houston,14650
909,Shelby,14648
910,Al,14617
911,Atlas,14615
912,Bryon,14614
913,Camron,14562
914,Markus,14457
915,Hal,14439
916,Ronny,14421
917,Emory,14376
918,Joesph,14371
919,Tyree,14342
920,Gerry,14298
921,Kris,14298
922,Coy,14289
923,Dayton,14266
924,Luciano,14262
925,Kory,14258
926,Bruno,14233
927,Kyrie,14158
928,Osvaldo,14090
929,Beckham,14077
930,Trevon,14047
931,Donnell,14046
932,Braydon,13976
933,Hayes,13956
934,Jensen,13954
935,Blair,13875
936,Stacey,13867
937,Carmen,13851
938,Carlo,13830
939,Hans,13775
940,Roscoe,13765
941,Elwood,13758
942,Scot,13702
943,Alphonso,13692
944,Norris,13667
945,Kash,13664
946,Jamari,13660
947,Killian,13652
948,Gus,13623
949,Jordon,13589
950,Kirby,13576
951,Gianni,13567
952,Ned,13515
953,Sage,13509
954,Braeden,13497
955,Devan,13477
956,Izaiah,13474
957,Wiley,13452
958,Benito,13406
959,Eddy,13403
960,Demarcus,13395
961,Fletcher,13355
962,Milan,13315
963,Kason,13309
964,Jarred,13222
965,Armani,13208
966,Harris,13169
967,Elisha,13144
968,Chadwick,13121
969,Layne,13111
970,Davon,13094
971,Garret,13076
972,Brycen,13040
973,Malakai,13023
974,Augustine,13011
975,Johan,12974
976,Domingo,12938
977,Bo,12907
978,Charley,12853
979,Donny,12801
980,Truman,12695
981,Trace,12632
982,Johnie,12620
983,Russel,12619
984,Davion,12604
985,Mitchel,12468
986,Forest,12438
987,Julien,12375
988,Kermit,12361
989,Daxton,12358
990,Antwan,12355
991,Sullivan,12338
992,Thurman,12319
993,Stevie,12285
994,Hollis,12219
995,Gino,12201
996,Merlin,12172
997,Irwin,12167
998,Jayceon,12153
999,Alijah,12125
1000,Vito,12123
1001,Vince,12101
1002,Kasey,12098
1003,Nigel,12072
1004,Addison,12067
1005,Armand,12035
1006,Sanford,11964
1007,Braylen,11947
1008,Deangelo,11945
1009,Ryland,11876
1010,Reggie,11874
1011,Talon,11867
1012,Mathias,11831
1013,Omari,11787
1014,Jarod,11767
1015,Mekhi,11731
1016,Mary,11693
1017,Rhys,11660
1018,Emmitt,11635
1019,Frederic,11630
1020,Tevin,11534
1021,Niko,11524
1022,Yahir,11497
1023,Kayson,11492
1024,Odell,11485
1025,Cristopher,11483
1026,Devonte,11472
1027,Triston,11437
1028,Benson,11420
1029,Judson,11395
1030,Barney,11362
1031,Erich,11334
1032,Matthias,11293
1033,Korey,11276
1034,Carmelo,11264
1035,Wilmer,11262
1036,Weldon,11260
1037,Ulises,11251
1038,Kamden,11244
1039,Alonso,11240
1040,Mikel,11223
1041,Rohan,11205
1042,Rigoberto,11205
1043,Carmine,11205
1044,Ward,11202
1045,Finnegan,11195
1046,Monroe,11194
1047,Landyn,11185
1048,Kolby,11162
1049,Ollie,11148
1050,Kian,11145
1051,Jamel,11075
1052,Delmar,11069
1053,Jaron,11058
1054,Hassan,11027
1055,Marcelo,11022
1056,Theron,11013
1057,Odin,10993
1058,Santino,10970
1059,Shelton,10967
1060,Denzel,10901
1061,Samson,10898
1062,Maynard,10895
1063,Dirk,10893
1064,Octavio,10892
1065,Lucian,10885
1066,Kenton,10843
1067,Cornell,10806
1068,Chaim,10799
1069,Gale,10786
1070,Linwood,10762
1071,Zayne,10747
1072,Bodhi,10725
1073,Jairo,10724
1074,Jacoby,10712
1075,Daren,10703
1076,Shayne,10648
1077,Millard,10625
1078,Uriah,10617
1079,Arjun,10601
1080,Scottie,10585
1081,Dusty,10569
1082,Brodie,10562
1083,Darien,10559
1084,Edison,10555
1085,Dax,10553
1086,Dario,10547
1087,Deven,10527
1088,Lennox,10525
1089,Fidel,10525
1090,Zechariah,10525
1091,Layton,10510
1092,Robby,10485
1093,Davin,10485
1094,Cortez,10485
1095,Raiden,10469
1096,Valentin,10428
1097,Gonzalo,10410
1098,Cason,10408
1099,Bernardo,10403
1100,Jaquan,10403
1101,Marquise,10400
1102,Eliseo,10379
1103,Hendrix,10352
1104,Hiram,10325
1105,Cordell,10309
1106,Alessandro,10298
1107,Nathanial,10260
1108,Antony,10196
1109,Kennith,10175
1110,Jadon,10157
1111,Michel,10099
1112,Heriberto,10049
1113,Remy,10048
1114,Jaylin,10042
1115,Kellan,10023
1116,Bronson,10006
1117,Zaiden,9997
1118,Kamari,9978
1119,Deacon,9934
1120,Laverne,9929
1121,Jaylon,9898
1122,Duke,9871
1123,Enoch,9867
1124,Gregorio,9858
1125,Randell,9841
1126,Nestor,9829
1127,Elian,9822
1128,Bowen,9822
1129,Mervin,9820
1130,Chaz,9799
1131,German,9798
1132,Cannon,9795
1133,Basil,9767
1134,Adolph,9744
1135,Kasen,9729
1136,Clement,9723
1137,Jovan,9702
1138,Kristofer,9697
1139,London,9691
1140,Samir,9683
1141,Tristin,9653
1142,Domenic,9641
1143,Merrill,9603
1144,Valentino,9596
1145,Nikolai,9589
1146,Jaxton,9584
1147,Rico,9582
1148,Dominik,9575
1149,Lanny,9562
1150,Yusuf,9498
1151,Foster,9491
1152,Wilfredo,9476
1153,Brant,9453
1154,Erin,9370
1155,Boston,9354
1156,Jerrod,9327
1157,Misael,9322
1158,Bradly,9307
1159,Mac,9267
1160,Yosef,9253
1161,Kole,9223
1162,Soren,9178
1163,Unknown,9176
1164,Coby,9166
1165,Jacques,9165
1166,Raymundo,9162
1167,Callum,9132
1168,Sandy,9128
1169,Kylan,9119
1170,Jabari,9117
1171,Dudley,9081
1172,Lyndon,9072
1173,Leif,9042
1174,Vincenzo,9026
1175,Eden,9012
1176,Garth,8992
1177,Danial,8991
1178,Brennen,8952
1179,Dimitri,8947
1180,Leandro,8931
1181,Hamza,8926
1182,Benton,8913
1183,Adrien,8906
1184,Mariano,8906
1185,Jaydon,8894
1186,Zayn,8884
1187,Rodrick,8861
1188,Dino,8846
1189,Case,8829
1190,Princeton,8813
1191,Tyrese,8793
1192,Broderick,8775
1193,Dangelo,8774
1194,Dannie,8764
1195,Rey,8763
1196,Everette,8755
1197,Josef,8729
1198,Korbin,8710
1199,Dashawn,8709
1200,Keven,8705
1201,Rod,8690
1202,Sincere,8688
1203,Keon,8678
1204,Estevan,8670
1205,Stephon,8647
1206,Jed,8642
1207,Tracey,8634
1208,Stetson,8597
1209,Memphis,8590
1210,Hezekiah,8587
1211,Rob,8579
1212,Barton,8542
1213,Westley,8470
1214,Paris,8468
1215,Justus,8465
1216,Keagan,8460
1217,Jedidiah,8453
1218,Oakley,8451
1219,Jamaal,8445
1220,Ronin,8402
1221,Crew,8399
1222,Errol,8398
1223,Abdullah,8392
1224,Stan,8357
1225,Federico,8347
1226,Zain,8327
1227,Leighton,8321
1228,Simeon,8290
1229,Jerrold,8249
1230,Lon,8248
1231,Giancarlo,8244
1232,Cliff,8216
1233,Kip,8205
1234,Leonidas,8200
1235,Vern,8188
1236,Booker,8188
1237,Lavern,8177
1238,Shea,8158
1239,Devante,8142
1240,Turner,8134
1241,Tatum,8129
1242,Garrison,8124
1243,Hershel,8120
1244,Donavan,8119
1245,Blaise,8112
1246,Chauncey,8108
1247,Raheem,8100
1248,Darrick,8087
1249,Franco,8082
1250,Cale,8078
1251,Benedict,8052
1252,Ford,8041
1253,Cyril,8039
1254,Andreas,8039
1255,Deonte,8031
1256,Tylor,8028
1257,Marcellus,8023
1258,Lenard,8017
1259,Bernie,8002
1260,Clair,8000
1261,Xzavier,7989
1262,Marques,7989
1263,Morton,7986
1264,Freeman,7963
1265,Efren,7950
1266,Arron,7945
1267,Cassius,7944
1268,Austen,7923
1269,Miller,7903
1270,Lenny,7878
1271,Seymour,7875
1272,Kyson,7874
1273,Daquan,7860
1274,Eloy,7827
1275,Winfred,7761
1276,Kenyon,7749
1277,Isidro,7732
1278,Jasiah,7718
1279,Jamir,7705
1280,Quinten,7692
1281,Buford,7688
1282,Tod,7677
1283,Tristian,7622
1284,Mckinley,7615
1285,Maximo,7614
1286,Branson,7610
1287,Fredric,7596
1288,Carol,7588
1289,Mackenzie,7586
1290,Francesco,7585
1291,Callen,7584
1292,Darrius,7579
1293,Dandre,7576
1294,Daron,7572
1295,Rolland,7563
1296,Aric,7546
1297,Tyron,7546
1298,Zaire,7542
1299,Lemuel,7535
1300,Zack,7517
1301,Cristobal,7508
1302,Lucien,7503
1303,Blaze,7491
1304,Makai,7488
1305,Khalid,7478
1306,Braiden,7462
1307,Cleo,7455
1308,Reagan,7451
1309,Eliezer,7446
1310,Nicky,7418
1311,Seamus,7394
1312,Jagger,7393
1313,Thad,7391
1314,Wilburn,7390
1315,Rayan,7383
1316,Herschel,7356
1317,Ivory,7354
1318,Kale,7329
1319,Wilford,7324
1320,Jamarion,7322
1321,Pasquale,7308
1322,Olin,7304
1323,Jamil,7300
1324,Dwain,7296
1325,Keanu,7259
1326,Eliot,7253
1327,Jerold,7249
1328,Raleigh,7244
1329,Jules,7241
1330,Genaro,7235
1331,Camilo,7226
1332,Lucius,7224
1333,Aurelio,7222
1334,Dereck,7194
1335,Alexzander,7189
1336,Giovani,7181
1337,Draven,7176
1338,Kyree,7172
1339,Gail,7156
1340,Aryan,7155
1341,Shirley,7130
1342,Anders,7124
1343,Tripp,7122
1344,Earle,7104
1345,Oren,7102
1346,Zeke,7101
1347,Anson,7101
1348,Kennedy,7084
1349,Darion,7078
1350,Jerrell,7076
1351,Ayaan,7059
1352,Abner,7049
1353,Aarav,7019
1354,Kamron,6994
1355,Lennon,6974
1356,Joan,6928
1357,Channing,6916
1358,Tory,6913
1359,Cain,6903
1360,Noble,6899
1361,Ephraim,6891
1362,Jorden,6889
1363,Richie,6889
1364,Dillan,6879
1365,Arlen,6862
1366,Jovani,6858
1367,Sydney,6857
1368,Sylas,6854
1369,Tad,6830
1370,Alexandro,6828
1371,Yehuda,6828
1372,Marcelino,6821
1373,Ambrose,6821
1374,Callan,6801
1375,Raymon,6799
1376,Apollo,6778
1377,Isai,6747
1378,Santana,6743
1379,Semaj,6738
1380,Arden,6731
1381,Colson,6720
1382,Jair,6701
1383,Jamey,6695
1384,Lindsey,6689
1385,Lazaro,6658
1386,Kairo,6656
1387,Wilton,6643
1388,Devyn,6641
1389,Palmer,6638
1390,Lars,6636
1391,Baron,6615
1392,Nixon,6610
1393,Maxim,6609
1394,Madison,6606
1395,Bud,6605
1396,Murphy,6604
1397,Hoyt,6587
1398,Stanford,6582
1399,Jacky,6563
1400,Edwardo,6557
1401,Travon,6547
1402,Alva,6526
1403,Javion,6519
1404,Akeem,6516
1405,Camren,6512
1406,Tariq,6490
1407,Giovanny,6481
1408,Cairo,6480
1409,Langston,6478
1410,Alphonse,6468
1411,Abdiel,6464
1412,Mustafa,6463
1413,Madden,6455
1414,Warner,6446
1415,Baylor,6441
1416,Kalvin,6432
1417,Menachem,6432
1418,Gannon,6425
1419,Kelton,6421
1420,Briggs,6401
1421,Zavier,6330
1422,Lonny,6329
1423,Antwon,6316
1424,Huey,6315
1425,Shiloh,6313
1426,Rashawn,6297
1427,Donn,6293
1428,Trever,6283
1429,Zaid,6269
1430,Davian,6262
1431,Abdul,6261
1432,Demario,6251
1433,Cedrick,6223
1434,Rowen,6222
1435,Baby,6220
1436,Ramsey,6210
1437,Ean,6187
1438,Jovanni,6185
1439,Westin,6176
1440,Jordy,6171
1441,Ridge,6157
1442,Darron,6147
1443,Emile,6112
1444,Britton,6099
1445,Mauro,6090
1446,Arnulfo,6087
1447,Mordechai,6086
1448,Harper,6082
1449,Dariel,6056
1450,Shamar,6042
1451,Yousef,6019
1452,Yisroel,6018
1453,Cal,6018
1454,Karim,6001
1455,Jerod,5999
1456,Brandt,5998
1457,Aydin,5996
1458,Nathen,5988
1459,Ishmael,5978
1460,Stone,5967
1461,Russ,5965
1462,Odis,5958
1463,Kraig,5951
1464,Lucca,5945
1465,Amare,5925
1466,Napoleon,5918
1467,Chet,5914
1468,Edgardo,5901
1469,Delmer,5900
1470,Elroy,5898
1471,Arian,5896
1472,Marcello,5885
1473,Keshawn,5875
1474,Ameer,5872
1475,Andrea,5868
1476,Kingsley,5850
1477,Rogers,5841
1478,Hakeem,5841
1479,Stanton,5837
1480,Koby,5828
1481,Aydan,5824
1482,Bridger,5821
1483,Omer,5812
1484,Nevin,5803
1485,Dontae,5801
1486,Destin,5801
1487,Demond,5798
1488,Elmo,5784
1489,Johnpaul,5783
1490,Wilder,5778
1491,Ronaldo,5776
1492,Giuseppe,5775
1493,Vladimir,5774
1494,Raylan,5765
1495,Kelley,5759
1496,Oswaldo,5748
1497,Bishop,5747
1498,Tre,5741
1499,Deion,5737
1500,Lyman,5734
1501,Derrell,5723
1502,Maximillian,5716
1503,Keyon,5704
1504,Wes,5692
1505,Jade,5683
1506,Connie,5679
1507,Johnson,5677
1508,Lucio,5672
1509,Shaquille,5669
1510,Flynn,5666
1511,Casen,5665
1512,Colter,5659
1513,Deron,5658
1514,Brandan,5656
1515,Toney,5653
1516,Jordyn,5646
1517,Syed,5615
1518,Fisher,5614
1519,Reyes,5611
1520,Immanuel,5601
1521,Hilton,5593
1522,Deshaun,5580
1523,Rayden,5576
1524,Milford,5562
1525,Eleazar,5562
1526,Zyaire,5550
1527,Zakary,5542
1528,Leopoldo,5542
1529,Mitch,5538
1530,Konnor,5533
1531,Olen,5532
1532,Jamarcus,5520
1533,Felton,5519
1534,Marquez,5513
1535,Bodie,5510
1536,Coty,5500
1537,Kolten,5498
1538,Slade,5488
1539,Demarco,5471
1540,Konner,5467
1541,Lupe,5464
1542,Constantine,5463
1543,Bertram,5461
1544,Tobin,5431
1545,Angus,5426
1546,Kaison,5419
1547,Dejuan,5416
1548,Cayson,5409
1549,Derik,5408
1550,Ferdinand,5404
1551,Delano,5404
1552,Garrick,5404
1553,Cletus,5375
1554,Taj,5365
1555,Whitney,5355
1556,Mikael,5347
1557,Douglass,5336
1558,Bilal,5336
1559,Landry,5333
1560,Kohen,5333
1561,Fritz,5327
1562,Levon,5312
1563,Leander,5303
1564,Art,5303
1565,Kevon,5302
1566,Yaakov,5301
1567,Alfonzo,5299
1568,Claud,5282
1569,Abe,5273
1570,Jaxen,5273
1571,Normand,5263
1572,Nikhil,5263
1573,Dee,5262
1574,Chace,5256
1575,Crosby,5253
1576,Kannon,5246
1577,Rylee,5243
1578,Judd,5242
1579,Burt,5238
1580,Canaan,5236
1581,Kashton,5229
1582,Hamilton,5227
1583,Grey,5225
1584,Rubin,5225
1585,Teagan,5223
1586,Shmuel,5222
1587,Donavon,5208
1588,Ares,5204
1589,Claudio,5201
1590,Jericho,5173
1591,Aditya,5166
1592,Lauren,5166
1593,Val,5166
1594,Kelsey,5156
1595,Jaeden,5156
1596,Briar,5154
1597,Campbell,5148
1598,Merrick,5148
1599,Avi,5148
1600,Tyshawn,5145
1601,Burl,5142
1602,Emmet,5142
1603,Franklyn,5140
1604,Shon,5134
1605,Rian,5133
1606,Gavyn,5133
1607,Laron,5127
1608,Samual,5126
1609,Malcom,5125
1610,Darell,5120
1611,Delvin,5117
1612,Greggory,5096
1613,Dallin,5084
1614,Tye,5082
1615,Williams,5072
1616,Rosendo,5060
1617,Newton,5049
1618,Aaden,5040
1619,Alexandre,5032
1620,Von,5018
1621,Torrey,5013
1622,Hernan,5011
1623,Jaren,5010
1624,Buster,5008
1625,Kye,5003
1626,Shlomo,5002
1627,Boone,4990
1628,Kadin,4980
1629,Austyn,4969
1630,Dilan,4965
1631,Jerimiah,4964
1632,Magnus,4924
1633,Garett,4921
1634,Patricia,4919
1635,Lachlan,4913
1636,Jadiel,4905
1637,Barron,4898
1638,Ike,4894
1639,Sutton,4893
1640,Kamryn,4892
1641,Jevon,4886
1642,Braulio,4886
1643,Kaeden,4884
1644,Titan,4884
1645,Buck,4877
1646,Hasan,4875
1647,Gibson,4867
1648,Rayford,4864
1649,Lacy,4861
1650,Kaysen,4857
1651,Vihaan,4843
1652,Norberto,4839
1653,Jennifer,4837
1654,Marley,4831
1655,Haywood,4830
1656,Damari,4830
1657,Gil,4823
1658,Jaziel,4813
1659,Marshal,4813
1660,Sami,4807
1661,Shad,4807
1662,Carrol,4804
1663,Antione,4802
1664,Montgomery,4799
1665,Jeromy,4793
1666,Watson,4792
1667,Torin,4792
1668,Azariah,4776
1669,Dewitt,4773
1670,Gaylord,4769
1671,Shimon,4761
1672,Shay,4758
1673,Donell,4753
1674,Patsy,4753
1675,Lavon,4752
1676,Rasheed,4745
1677,Wilber,4738
1678,Orin,4735
1679,Brandyn,4727
1680,Yitzchok,4727
1681,Wally,4721
1682,Jai,4719
1683,Wylie,4716
1684,Deric,4716
1685,Otha,4712
1686,Arlie,4712
1687,Axton,4712
1688,Jovanny,4710
1689,Caesar,4709
1690,Savion,4704
1691,Gauge,4700
1692,Ishaan,4698
1693,Kendell,4691
1694,Leigh,4689
1695,Curtiss,4688
1696,Everardo,4687
1697,Jaleel,4686
1698,Sherwood,4684
1699,Arvin,4683
1700,Koda,4675
1701,Jeramiah,4674
1702,Damarion,4673
1703,Brannon,4671
1704,Bradyn,4660
1705,Kenji,4636
1706,Valentine,4636
1707,Henri,4633
1708,Joziah,4631
1709,Paulo,4626
1710,Artis,4622
1711,Britt,4621
1712,Arnoldo,4619
1713,Denton,4616
1714,Columbus,4608
1715,Yair,4600
1716,Jasen,4600
1717,Harmon,4599
1718,Brain,4597
1719,Kendal,4594
1720,Johann,4587
1721,Trevin,4585
1722,Boyce,4581
1723,Jaylan,4577
1724,Orrin,4576
1725,Jessy,4575
1726,Abelardo,4564
1727,Thor,4563
1728,Marcell,4563
1729,Markel,4557
1730,Talmadge,4557
1731,Davonte,4553
1732,Elden,4551
1733,Adalberto,4550
1734,Baker,4550
1735,Markell,4550
1736,Jovany,4540
1737,Fredy,4536
1738,Roel,4534
1739,Finnley,4533
1740,Glynn,4521
1741,Amar,4518
1742,Fermin,4517
1743,Tyrus,4513
1744,Mose,4511
1745,Rishi,4511
1746,Eugenio,4510
1747,Jeramy,4506
1748,Trinidad,4500
1749,Brecken,4480
1750,Christophe,4479
1751,Elizabeth,4477
1752,Musa,4469
1753,Merritt,4468
1754,Dylon,4464
1755,Lindsay,4463
1756,Ladarius,4462
1757,Tremaine,4454
1758,Camryn,4453
1759,Mayson,4450
1760,Dickie,4447
1761,Trystan,4441
1762,Gray,4439
1763,Linus,4431
1764,Jakobe,4424
1765,Kalen,4424
1766,Jelani,4424
1767,Berry,4424
1768,Mahlon,4422
1769,Rollin,4415
1770,Carnell,4414
1771,Gayle,4409
1772,Reilly,4407
1773,Dedrick,4404
1774,Regis,4397
1775,Eamon,4394
1776,Ajay,4394
1777,Anakin,4378
1778,Krish,4373
1779,Presley,4369
1780,Gaige,4365
1781,Shepherd,4364
1782,Antone,4357
1783,Margarito,4357
1784,Orval,4349
1785,Zev,4341
1786,Horacio,4336
1787,Malaki,4334
1788,Creed,4332
1789,Terrill,4329
1790,Justyn,4328
1791,Avraham,4325
1792,Domenick,4325
1793,Thatcher,4324
1794,Hosea,4319
1795,Ryne,4318
1796,Hilario,4311
1797,Alek,4309
1798,Jaycob,4309
1799,Darrion,4309
1800,Bjorn,4306
1801,Blane,4305
1802,Rosario,4305
1803,Brennon,4297
1804,Haven,4295
1805,Delton,4294
1806,Kyron,4293
1807,Lesley,4288
1808,Kimberly,4273
1809,Rowdy,4258
1810,Jeremie,4255
1811,Yael,4252
1812,Patricio,4250
1813,Dwaine,4237
1814,Lyric,4225
1815,Isreal,4209
1816,Kase,4205
1817,Jeremias,4205
1818,Dameon,4204
1819,Walton,4201
1820,Joseluis,4197
1821,Gian,4195
1822,Maxton,4194
1823,Wells,4193
1824,Khari,4189
1825,Boris,4187
1826,Enrico,4178
1827,Kamren,4177
1828,Arman,4176
1829,Gareth,4171
1830,Sol,4170
1831,Harland,4168
1832,Marko,4164
1833,Infant,4163
1834,Rueben,4157
1835,Hardy,4142
1836,Koa,4135
1837,Hayward,4129
1838,Kenan,4127
1839,Melvyn,4122
1840,Geovanni,4120
1841,Danilo,4116
1842,Jere,4115
1843,Rich,4115
1844,Reymundo,4114
1845,Del,4110
1846,Isaak,4107
1847,Maison,4104
1848,Stevan,4097
1849,Gearld,4090
1850,Timmothy,4089
1851,Jarrell,4087
1852,Maria,4086
1853,Kahlil,4074
1854,Tarik,4073
1855,Barbara,4073
1856,Aidyn,4072
1857,Cristofer,4072
1858,Nate,4069
1859,Amado,4065
1860,Evans,4055
1861,Lawerence,4049
1862,Waymon,4049
1863,Vidal,4045
1864,Emir,4042
1865,Pranav,4041
1866,Lathan,4038
1867,Brogan,4037
1868,Niles,4034
1869,Justen,4029
1870,Adrain,4027
1871,Nikko,4024
1872,Martez,4023
1873,Corwin,4023
1874,Lorin,4021
1875,Lorne,4015
1876,Jakari,4015
1877,Ritchie,4011
1878,Glendon,4009
1879,Kylen,4005
1880,Alvis,4002
1881,Kymani,4001
1882,Loyal,3997
1883,Trae,3995
1884,Tavon,3994
1885,Amarion,3990
1886,Hobert,3989
1887,Jefferey,3970
1888,Deondre,3969
1889,Casper,3969
1890,Coen,3966
1891,Kelby,3965
1892,Izayah,3964
1893,Ely,3963
1894,Idris,3962
1895,Ammon,3959
1896,Farrell,3958
1897,Desean,3957
1898,Braedon,3955
1899,Keyshawn,3954
1900,Kentrell,3951
1901,Jacobi,3947
1902,Smith,3944
1903,Eldridge,3943
1904,Brentley,3939
1905,Woody,3930
1906,Onyx,3930
1907,Demetri,3929
1908,Ellsworth,3927
1909,Aziel,3925
1910,Blayne,3918
1911,Darold,3916
1912,Tremayne,3914
1913,Kristoffer,3909
1914,Edson,3908
1915,Schuyler,3907
1916,Juancarlos,3905
1917,Graysen,3904
1918,Rayshawn,3901
1919,Jaheim,3896
1920,Audie,3896
1921,Sky,3894
1922,Haiden,3891
1923,Len,3891
1924,Dhruv,3890
1925,Gerson,3880
1926,Ever,3878
1927,Bode,3877
1928,Montrell,3876
1929,Mikhail,3872
1930,Miguelangel,3870
1931,Talan,3865
1932,Donta,3865
1933,Reinaldo,3858
1934,Santo,3856
1935,Omarion,3849
1936,Makhi,3848
1937,Meir,3847
1938,Maxie,3847
1939,Alain,3847
1940,Bentlee,3846
1941,Rio,3846
1942,Imran,3846
1943,Koen,3845
1944,Verne,3845
1945,Treyvon,3842
1946,Jayme,3841
1947,Yoel,3840
1948,Dorsey,3840
1949,Kwame,3839
1950,Kalel,3831
1951,Maxx,3827
1952,Konrad,3822
1953,Sunny,3821
1954,Boden,3816
1955,Sebastien,3812
1956,Dayne,3811
1957,Gaven,3810
1958,Aleksander,3808
1959,Carsen,3805
1960,Dequan,3800
1961,Erasmo,3796
1962,Reynold,3796
1963,Ethen,3793
1964,Lochlan,3793
1965,Kegan,3791
1966,Jerad,3787
1967,Javonte,3786
1968,Christofer,3780
1969,Wardell,3779
1970,Jered,3777
1971,Lino,3773
1972,Luigi,3770
1973,Carleton,3770
1974,Anibal,3765
1975,Ryley,3765
1976,Gentry,3763
1977,Linda,3757
1978,Rupert,3748
1979,Ansel,3747
1980,Aedan,3744
1981,Derwin,3742
1982,Latrell,3738
1983,Obed,3736
1984,Axl,3735
1985,Haden,3729
1986,Juelz,3727
1987,Juwan,3725
1988,Zahir,3725
1989,Jones,3717
1990,Ransom,3717
1991,Burke,3716
1992,Manny,3711
1993,Lynwood,3710
1994,Montana,3707
1995,Gabe,3707
1996,Jayvon,3698
1997,Armond,3687
1998,Zayd,3686
1999,Jewel,3682
2000,Homero,3682
2001,Gatlin,3678
2002,Michal,3676
2003,Elwin,3673
2004,Lafayette,3673
2005,Winford,3670
2006,Regan,3668
2007,Tadeo,3663
2008,Willy,3662
2009,Jennings,3661
2010,Tzvi,3649
2011,Hampton,3641
2012,Eliel,3636
2013,Giles,3629
2014,Augustin,3625
2015,Aries,3623
2016,Tyquan,3610
2017,Kirt,3610
2018,Dillion,3604
2019,Yandel,3602
2020,Randel,3601
2021,Cy,3595
2022,Jerel,3595
2023,Leeroy,3595
2024,Lucious,3594
2025,Lex,3591
2026,Granville,3591
2027,Daylen,3590
2028,Mccoy,3589
2029,Jadyn,3588
2030,Benicio,3587
2031,Dash,3583
2032,Saint,3582
2033,Jessica,3579
2034,Brien,3575
2035,Huxley,3575
2036,Wayland,3571
2037,Camdyn,3570
2038,Jonatan,3570
2039,Cassidy,3568
2040,Deontae,3567
2041,Kael,3565
2042,Sherwin,3565
2043,Faustino,3559
2044,Alford,3559
2045,Tahj,3555
2046,Cael,3551
2047,Sabastian,3549
2048,Torrance,3547
2049,Arlin,3545
2050,Zyon,3545
2051,Kyan,3545
2052,Bartholomew,3543
2053,Refugio,3542
2054,Courtland,3539
2055,Urijah,3537
2056,Henrik,3536
2057,Vinson,3535
2058,Jarett,3531
2059,Willian,3529
2060,Waldo,3525
2061,Jesiah,3523
2062,Ismail,3523
2063,Reno,3523
2064,Darvin,3519
2065,Duwayne,3519
2066,Luc,3511
2067,Mel,3511
2068,Linden,3510
2069,Paolo,3503
2070,Edsel,3501
2071,Benjamen,3494
2072,Clemente,3493
2073,Sedrick,3489
2074,Artie,3487
2075,Chevy,3481
2076,Dajuan,3478
2077,Javan,3478
2078,Arnav,3477
2079,Yahya,3476
2080,Creighton,3474
2081,Corban,3473
2082,Yadiel,3473
2083,Brysen,3465
2084,Kevan,3463
2085,Frances,3461
2086,Canyon,3455
2087,Salomon,3451
2088,Prentice,3444
2089,Clarke,3444
2090,Kain,3439
2091,Maddux,3432
2092,Rome,3428
2093,Octavius,3426
2094,Jarret,3424
2095,Beverly,3424
2096,Mohamad,3424
2097,Jeremey,3417
2098,Demarion,3416
2099,Jayvion,3414
2100,Armon,3414
2101,Nicklaus,3409
2102,Keelan,3408
2103,Lazarus,3408
2104,Betty,3403
2105,Melton,3403
2106,Butch,3402
2107,Darrian,3401
2108,Chip,3400
2109,Crawford,3399
2110,Jeramie,3396
2111,Sal,3395
2112,Bradlee,3395
2113,Auston,3389
2114,Gianluca,3389
2115,Conley,3383
2116,Dezmond,3381
2117,Tyrel,3379
2118,Dakari,3376
2119,Cristiano,3372
2120,Kooper,3372
2121,Kamdyn,3369
2122,Fox,3368
2123,Richmond,3368
2124,Garfield,3367
2125,Junius,3367
2126,Youssef,3364
2127,Jad,3363
2128,Elan,3363
2129,Dempsey,3356
2130,Alaric,3355
2131,Brixton,3353
2132,Rami,3353
2133,Les,3351
2134,Keller,3349
2135,Domenico,3348
2136,Emmit,3347
2137,Gaylon,3345
2138,Jamin,3344
2139,Salem,3344
2140,Donal,3344
2141,Dennie,3343
2142,Storm,3342
2143,Kay,3341
2144,Marlo,3335
2145,Rashaad,3334
2146,Lamonte,3333
2147,Banks,3332
2148,Cian,3331
2149,Brook,3329
2150,Tylan,3327
2151,Javen,3326
2152,Jethro,3320
2153,Jaidyn,3315
2154,Alistair,3311
2155,Rahul,3310
2156,Trayvon,3310
2157,Lucky,3308
2158,Nazir,3299
2159,Achilles,3298
2160,Ledger,3298
2161,Ceasar,3292
2162,Arther,3290
2163,Kenzo,3288
2164,Beck,3286
2165,Kit,3277
2166,Meredith,3267
2167,Elgin,3266
2168,Deanthony,3264
2169,Dell,3264
2170,Jonny,3263
2171,Michale,3261
2172,Osman,3261
2173,Dyllan,3252
2174,Davey,3251
2175,Charlton,3250
2176,Michelle,3250
2177,Mikal,3250
2178,Geno,3242
2179,Nicholaus,3237
2180,Cormac,3234
2181,Rowland,3232
2182,Luiz,3232
2183,Zamir,3232
2184,Jame,3231
2185,Baxter,3228
2186,Trenten,3223
2187,Lashawn,3222
2188,Tito,3221
2189,Timmie,3220
2190,Mykel,3219
2191,Massimo,3215
2192,Sameer,3215
2193,Kaine,3212
2194,Darrien,3207
2195,Remi,3205
2196,Codey,3204
2197,Dov,3204
2198,Porfirio,3202
2199,Jordi,3201
2200,Kenyatta,3198
2201,Damarcus,3198
2202,Oran,3196
2203,Raven,3196
2204,Devlin,3196
2205,Ahmir,3196
2206,Ayan,3193
2207,Avrohom,3192
2208,Eliyahu,3191
2209,Job,3188
2210,Robb,3186
2211,Lou,3181
2212,Karsen,3180
2213,Deegan,3180
2214,Edmundo,3178
2215,Amador,3171
2216,Karsten,3168
2217,Viktor,3167
2218,Nile,3166
2219,Jory,3164
2220,Jewell,3160
2221,Jedediah,3159
2222,Lorenza,3158
2223,Christoper,3153
2224,Ravi,3152
2225,Jermiah,3148
2226,Brigham,3148
2227,Cleve,3148
2228,Cortney,3148
2229,Kadyn,3143
2230,Siddharth,3140
2231,Jacobo,3137
2232,Winfield,3136
2233,Eben,3135
2234,Elio,3135
2235,Amin,3132
2236,Korbyn,3132
2237,Denzil,3131
2238,Sampson,3125
2239,Trevion,3122
2240,Genesis,3119
2241,Ramses,3119
2242,Dakoda,3118
2243,Arlan,3117
2244,Karon,3116
2245,Armaan,3115
2246,Vernell,3113
2247,Masen,3111
2248,Pierson,3110
2249,Theadore,3109
2250,Aloysius,3109
2251,Neel,3109
2252,Hussein,3107
2253,Jaydan,3107
2254,Nikola,3106
2255,Ander,3106
2256,Evin,3106
2257,Castiel,3103
2258,Treyton,3102
2259,Montez,3100
2260,Daylon,3098
2261,Dionte,3097
2262,Dwane,3097
2263,Jaydin,3090
2264,Aryeh,3090
2265,Verlin,3086
2266,Dakotah,3085
2267,Torrence,3085
2268,Devonta,3082
2269,Loy,3080
2270,Rashaun,3079
2271,Gaston,3079
2272,Graydon,3078
2273,Casimir,3077
2274,Ocean,3068
2275,Hyrum,3065
2276,Johny,3064
2277,Bonnie,3056
2278,Osbaldo,3049
2279,Quenton,3049
2280,Kodi,3048
2281,Anish,3045
2282,Bertrand,3040
2283,Evander,3038
2284,Ottis,3037
2285,Mikah,3035
2286,Derrek,3027
2287,Rylen,3024
2288,Sarah,3023
2289,Teodoro,3019
2290,Sharon,3016
2291,Adin,3014
2292,Zavion,3012
2293,Webster,3010
2294,Adler,3009
2295,Patric,3005
2296,Jaxxon,2999
2297,Obie,2995
2298,Renato,2993
2299,Raynard,2990
2300,Eder,2988
2301,Hansel,2980
2302,Gaetano,2979
2303,Marek,2977
2304,Nolen,2977
2305,Zephaniah,2975
2306,Tavion,2975
2307,Sahil,2973
2308,Stoney,2972
2309,Spenser,2970
2310,Allison,2969
2311,Keandre,2969
2312,Franky,2968
2313,Jameel,2967
2314,Lamarcus,2961
2315,Allyn,2958
2316,Loran,2957
2317,Tai,2957
2318,Fransisco,2957
2319,Price,2955
2320,Hagen,2954
2321,Jael,2952
2322,Jakub,2951
2323,Coleton,2951
2324,Stefano,2947
2325,Pernell,2945
2326,Benjiman,2944
2327,Leopold,2943
2328,Tavares,2941
2329,Torey,2940
2330,Christ,2940
2331,Cris,2940
2332,Brayson,2936
2333,Collins,2935
2334,Kyren,2935
2335,Kamal,2934
2336,Henderson,2926
2337,Kaiser,2925
2338,Keoni,2924
2339,Dovid,2923
2340,Enos,2921
2341,Leeland,2919
2342,Rojelio,2918
2343,Merlyn,2918
2344,Philippe,2916
2345,Andrei,2916
2346,Oskar,2914
2347,Kabir,2914
2348,Truett,2914
2349,Jarell,2913
2350,Jet,2912
2351,Bryton,2912
2352,Osiris,2911
2353,Isac,2908
2354,Jaret,2907
2355,Braylin,2906
2356,Terrel,2906
2357,Laith,2903
2358,Jodie,2902
2359,Rand,2898
2360,Yakov,2896
2361,Kyran,2890
2362,Lovell,2888
2363,Flavio,2888
2364,Domonic,2886
2365,Florentino,2885
2366,Callahan,2884
2367,Aram,2879
2368,Levy,2878
2369,Kylo,2877
2370,Devontae,2877
2371,Corbyn,2871
2372,Kavin,2867
2373,Amit,2866
2374,Yusef,2866
2375,Howell,2864
2376,Darby,2863
2377,Lamarr,2861
2378,Finnian,2861
2379,Josias,2861
2380,Alvie,2860
2381,Demetrio,2858
2382,Rolf,2858
2383,Willam,2857
2384,Shepard,2855
2385,Nancy,2852
2386,Geronimo,2852
2387,Iain,2851
2388,Oswald,2850
2389,Joshuah,2849
2390,Ewan,2849
2391,Davie,2845
2392,Eusebio,2844
2393,Jaysen,2844
2394,Said,2843
2395,Windell,2840
2396,Wolfgang,2840
2397,Adolphus,2837
2398,Rance,2835
2399,Terance,2830
2400,Harlen,2827
2401,Ilan,2826
2402,Dashaun,2825
2403,Lavell,2822
2404,Jalil,2819
2405,Trinity,2815
2406,Carlyle,2810
2407,Dorothy,2805
2408,Clive,2804
2409,Nils,2804
2410,Lonzo,2796
2411,Garnett,2796
2412,Graeme,2796
2413,Faris,2789
2414,Florencio,2788
2415,Lisa,2785
2416,Fausto,2782
2417,Clarance,2782
2418,Karen,2780
2419,Gerold,2779
2420,Vincente,2777
2421,Dev,2776
2422,Aarush,2773
2423,Brion,2771
2424,Maceo,2771
2425,Thurston,2769
2426,Arley,2768
2427,Nikita,2768
2428,Yaseen,2768
2429,Brighton,2764
2430,Kieth,2764
2431,Rondell,2761
2432,Dontrell,2760
2433,Renaldo,2758
2434,Hermon,2757
2435,Kiran,2756
2436,Reign,2753
2437,Pascual,2752
2438,Carver,2752
2439,Jullian,2748
2440,Klayton,2748
2441,Dixon,2747
2442,Favian,2747
2443,Izaak,2745
2444,Jakai,2743
2445,Dillard,2742
2446,Brandin,2741
2447,Rustin,2740
2448,Krew,2740
2449,Boaz,2740
2450,Nels,2740
2451,Christos,2734
2452,Lian,2734
2453,Javian,2733
2454,Gustave,2728
2455,Keion,2727
2456,Randle,2726
2457,Yasir,2725
2458,Esequiel,2724
2459,Ezell,2724
2460,Harlem,2722
2461,Geovanny,2721
2462,Fabio,2721
2463,Leobardo,2717
2464,Meyer,2714
2465,Azael,2713
2466,Anthoney,2712
2467,Demetrios,2711
2468,Skye,2711
2469,Jahmir,2708
2470,Donato,2707
2471,Ora,2707
2472,Micaiah,2707
2473,Rayyan,2703
2474,Izaac,2702
2475,Tayden,2701
2476,Jacinto,2700
2477,Armin,2699
2478,Blas,2699
2479,Margaret,2698
2480,Kacey,2697
2481,Jamon,2696
2482,Reyansh,2696
2483,Neymar,2694
2484,Ammar,2694
2485,Umar,2693
2486,Sandra,2692
2487,Edd,2689
2488,Aston,2686
2489,Jermey,2686
2490,Malek,2686
2491,Tillman,2684
2492,Kollin,2682
2493,Robinson,2682
2494,Cheyenne,2682
2495,Najee,2679
2496,Kavon,2678
2497,Jovon,2678
2498,Rashard,2677
2499,Parrish,2674
2500,Terell,2672
2501,Deante,2672
2502,Calum,2670
2503,Marquel,2670
2504,Willem,2667
2505,Seven,2662
2506,Albin,2655
2507,Nicola,2653
2508,Caspian,2648
2509,Ozzie,2648
2510,Kolt,2648
2511,Sharif,2647
2512,Renard,2646
2513,Adnan,2646
2514,Ignatius,2645
2515,West,2643
2516,Dashiell,2642
2517,Daylan,2639
2518,Eithan,2639
2519,Jaxx,2639
2520,Darcy,2638
2521,Anwar,2638
2522,Stephanie,2638
2523,Tiago,2636
2524,Khristian,2636
2525,Werner,2636
2526,Abdulrahman,2633
2527,Macario,2632
2528,Zakai,2628
2529,Alonza,2624
2530,Dustyn,2624
2531,Taron,2622
2532,Ozzy,2621
2533,Esau,2614
2534,Elon,2605
2535,Garold,2605
2536,Landin,2604
2537,Jairus,2602
2538,Daryle,2601
2539,Deonta,2601
2540,Daveon,2598
2541,Zach,2598
2542,Sammuel,2594
2543,Dru,2592
2544,Demetris,2591
2545,Rock,2591
2546,Damir,2589
2547,Andra,2587
2548,Nova,2586
2549,Nikolaus,2584
2550,Davy,2583
2551,Steele,2582
2552,Malakhi,2582
2553,Kadeem,2581
2554,Wyman,2580
2555,Yash,2580
2556,Sloan,2579
2557,Merton,2577
2558,Kace,2577
2559,Dimitrios,2571
2560,Franz,2570
2561,Andrey,2570
2562,Codie,2568
2563,Greysen,2564
2564,Antonia,2562
2565,Eldred,2562
2566,Jeb,2562
2567,Martell,2562
2568,Syncere,2561
2569,Chancellor,2555
2570,Micky,2550
2571,Baltazar,2550
2572,Mahmoud,2549
2573,Dejon,2548
2574,Oneal,2547
2575,Azriel,2547
2576,Michele,2546
2577,Varun,2544
2578,Haskell,2542
2579,Sanjay,2542
2580,Gustav,2540
2581,Early,2537
2582,Lake,2535
2583,Rush,2534
2584,Marshawn,2534
2585,Susan,2533
2586,Reginal,2532
2587,Osiel,2529
2588,Llewellyn,2528
2589,Jhon,2528
2590,Elam,2527
2591,Tayler,2521
2592,Zakaria,2518
2593,Coltin,2518
2594,Mendel,2518
2595,Canon,2517
2596,Doris,2515
2597,Juston,2513
2598,Noam,2511
2599,Ishan,2509
2600,Lambert,2509
2601,Broc,2509
2602,Joeseph,2508
2603,Eason,2507
2604,Kennard,2507
2605,Deshon,2506
2606,Devaughn,2506
2607,Jahir,2505
2608,Sylvan,2503
2609,Clem,2501
2610,Amani,2500
2611,Rollie,2499
2612,Anselmo,2498
2613,Carlin,2498
2614,Arik,2496
2615,Melissa,2495
2616,Roddy,2494
2617,Lennie,2492
2618,Isadore,2491
2619,Isa,2489
2620,Shedrick,2489
2621,Judge,2487
2622,Isael,2485
2623,Khaled,2482
2624,Wesson,2480
2625,Kiel,2475
2626,Nino,2475
2627,Anas,2475
2628,Breck,2475
2629,Tavaris,2472
2630,Quinlan,2468
2631,Rashid,2466
2632,Gorge,2466
2633,Jeshua,2466
2634,Roque,2465
2635,Maksim,2465
2636,Ivy,2464
2637,Terron,2464
2638,Daven,2462
2639,Avion,2461
2640,Bear,2461
2641,Kaidyn,2460
2642,Dock,2460
2643,Demari,2458
2644,Thane,2458
2645,Chadd,2456
2646,Doran,2454
2647,Kenney,2452
2648,Jonnie,2450
2649,Demonte,2445
2650,Sheridan,2443
2651,Raoul,2443
2652,Neo,2443
2653,Aamir,2440
2654,Joyce,2439
2655,Gabino,2439
2656,Laquan,2439
2657,Jacari,2437
2658,Lawrance,2436
2659,Farris,2435
2660,Geary,2435
2661,Holland,2432
2662,Jenson,2432
2663,Godfrey,2430
2664,Xavion,2429
2665,Adiel,2429
2666,June,2429
2667,Kendric,2426
2668,Damani,2426
2669,Akiva,2426
2670,Jammie,2424
2671,Deane,2424
2672,Tyce,2419
2673,Florian,2419
2674,Tru,2418
2675,Damen,2417
2676,Jalon,2415
2677,Heber,2412
2678,Tegan,2412
2679,Phineas,2412
2680,Rafe,2411
2681,Vivaan,2411
2682,Jordin,2410
2683,Gerrit,2407
2684,Nicklas,2405
2685,Dominque,2404
2686,Ellison,2403
2687,Brayton,2403
2688,Stafford,2403
2689,Atreyu,2402
2690,Jajuan,2402
2691,Justine,2397
2692,Marius,2397
2693,Elmore,2395
2694,Chadrick,2395
2695,Danniel,2395
2696,Khai,2394
2697,Travion,2394
2698,Prentiss,2393
2699,Daryn,2391
2700,Yonatan,2391
2701,Dontay,2391
2702,Faron,2390
2703,Walt,2390
2704,Yasin,2388
2705,Kerwin,2385
2706,Breon,2384
2707,Mylo,2381
2708,Eriberto,2379
2709,Ramone,2378
2710,Filiberto,2377
2711,General,2374
2712,Geraldo,2374
2713,Salman,2373
2714,Jaymes,2370
2715,Modesto,2370
2716,Decker,2369
2717,Leyton,2368
2718,Romel,2367
2719,Ennis,2367
2720,Lev,2362
2721,Calen,2361
2722,Kainoa,2361
2723,Jerrel,2360
2724,Aris,2358
2725,Mikeal,2357
2726,Elie,2356
2727,Flint,2355
2728,Naim,2352
2729,Jacen,2351
2730,Alston,2351
2731,Adriano,2349
2732,Bently,2348
2733,Mathieu,2348
2734,Ayman,2346
2735,Karsyn,2346
2736,Ronnell,2345
2737,Charleston,2344
2738,Diamond,2343
2739,Cleon,2341
2740,Antwain,2341
2741,Germaine,2341
2742,Javin,2340
2743,Sid,2339
2744,Shemar,2338
2745,Cillian,2338
2746,Aharon,2337
2747,Elzie,2334
2748,Artemio,2333
2749,Kayleb,2333
2750,Muhammed,2332
2751,Maury,2331
2752,Landan,2331
2753,Caelan,2329
2754,Kallen,2328
2755,Roan,2327
2756,Mick,2325
2757,Silvestre,2322
2758,Cam,2321
2759,Donavin,2321
2760,Lavelle,2318
2761,Lawton,2318
2762,Amon,2317
2763,Keshaun,2314
2764,Aven,2312
2765,Celestino,2312
2766,Rudolf,2311
2767,Laura,2309
2768,Wayman,2308
2769,Wynn,2308
2770,Cashton,2305
2771,Aspen,2305
2772,Jahlil,2303
2773,Ricki,2301
2774,Saad,2301
2775,Yancy,2301
2776,Kipp,2298
2777,Jakobi,2296
2778,Sven,2294
2779,Elwyn,2293
2780,Shaan,2290
2781,Cosmo,2288
2782,Jeron,2287
2783,Akash,2287
2784,Thompson,2279
2785,Brandy,2279
2786,Tyreek,2277
2787,Aayan,2274
2788,Ciro,2274
2789,Lindell,2271
2790,Jacque,2271
2791,Khristopher,2262
2792,Burnell,2260
2793,Jiovanni,2259
2794,Deklan,2258
2795,Mcarthur,2257
2796,Desi,2256
2797,Cardell,2256
2798,Harrell,2254
2799,Aman,2252
2800,Braedyn,2249
2801,Hobart,2247
2802,Raekwon,2246
2803,Kamarion,2245
2804,Kamran,2245
2805,Veer,2245
2806,Jashawn,2244
2807,Rayburn,2244
2808,Aj,2243
2809,Kayne,2239
2810,Filip,2239
2811,Carsten,2239
2812,Wendall,2234
2813,Donna,2233
2814,Conway,2232
2815,Tyran,2232
2816,Gardner,2229
2817,Alen,2227
2818,Jereme,2226
2819,Arne,2225
2820,Roderic,2225
2821,Guido,2225
2822,Eitan,2224
2823,Link,2223
2824,Celso,2222
2825,Taurean,2220
2826,Cecilio,2219
2827,Baldemar,2218
2828,Mayer,2217
2829,Audrey,2214
2830,Hakim,2214
2831,Dmitri,2214
2832,Brantlee,2210
2833,Shan,2208
2834,Ferris,2206
2835,Mckenzie,2205
2836,Rudolfo,2204
2837,Murry,2202
2838,Johnmichael,2202
2839,Yehoshua,2202
2840,Krishna,2200
2841,Renzo,2198
2842,Clovis,2194
2843,Tarek,2192
2844,Ren,2191
2845,Mckay,2189
2846,Tavis,2185
2847,Silvio,2182
2848,Yuri,2182
2849,Alexavier,2181
2850,Newell,2181
2851,Conan,2180
2852,Hadi,2180
2853,Wayde,2179
2854,Durwood,2178
2855,Delfino,2177
2856,Neftali,2175
2857,Blain,2174
2858,Fulton,2173
2859,Jacorey,2170
2860,Chayse,2169
2861,Zeus,2169
2862,Arya,2165
2863,Babyboy,2164
2864,Shalom,2164
2865,Jarren,2163
2866,Kruz,2160
2867,Kristen,2158
2868,Archibald,2158
2869,Corry,2156
2870,Oziel,2156
2871,Evert,2155
2872,Mattias,2155
2873,Kedrick,2153
2874,Tyrek,2149
2875,Rosevelt,2148
2876,Arvid,2148
2877,Tristyn,2147
2878,Norwood,2146
2879,Esai,2146
2880,Jens,2142
2881,Kalani,2141
2882,Feliciano,2141
2883,Arie,2141
2884,Taha,2141
2885,Christen,2140
2886,Obadiah,2138
2887,Korben,2137
2888,Zaden,2137
2889,Ubaldo,2136
2890,Candelario,2136
2891,Derrik,2136
2892,Servando,2136
2893,Thornton,2135
2894,Cedar,2135
2895,Fidencio,2135
2896,Jarad,2133
2897,Kenya,2133
2898,Amanda,2131
2899,Aramis,2131
2900,Jaedon,2130
2901,Theodis,2130
2902,Marlyn,2130
2903,Everest,2129
2904,Saif,2126
2905,Romello,2125
2906,Markeith,2125
2907,Aksel,2125
2908,Bernice,2123
2909,Om,2123
2910,Osmar,2120
2911,Brenda,2120
2912,Damond,2120
2913,Natanael,2120
2914,Uziel,2118
2915,Antoni,2117
2916,Jaquez,2117
2917,Zeb,2116
2918,Jamell,2114
2919,Ashwin,2113
2920,Kirkland,2113
2921,Tamir,2112
2922,Demetric,2111
2923,Alpha,2109
2924,Raj,2108
2925,Kevyn,2108
2926,Westyn,2107
2927,Angela,2105
2928,Vic,2104
2929,Pietro,2104
2930,Malvin,2101
2931,Gennaro,2101
2932,Mahdi,2100
2933,Xavi,2100
2934,Tyren,2099
2935,Shaquan,2098
2936,Urban,2095
2937,Andrae,2094
2938,Arsenio,2094
2939,Landis,2094
2940,Denim,2094
2941,Pascal,2092
2942,Rakeem,2092
2943,Neville,2091
2944,Claudie,2090
2945,Kilian,2090
2946,Leamon,2087
2947,Antwone,2085
2948,Christain,2085
2949,Rogan,2083
2950,Skip,2082
2951,Corbett,2082
2952,Caeden,2080
2953,Johannes,2079
2954,Yeshua,2076
2955,Che,2072
2956,Rebecca,2071
2957,Jerrick,2070
2958,Akil,2070
2959,Derald,2068
2960,Fay,2066
2961,Ruger,2064
2962,Jayse,2063
2963,Eliam,2062
2964,Richardo,2061
2965,Roby,2058
2966,Lisandro,2058
2967,Jaedyn,2057
2968,Rexford,2055
2969,Blade,2053
2970,Arnaldo,2049
2971,Bradon,2049
2972,Shayan,2048
2973,Zebulon,2048
2974,Parth,2047
2975,Arin,2047
2976,Zen,2046
2977,Teo,2046
2978,Olan,2045
2979,Welton,2043
2980,Lenwood,2042
2981,Abdirahman,2040
2982,Demitri,2038
2983,Khamari,2036
2984,Arlyn,2035
2985,Brando,2034
2986,Wellington,2033
2987,Tyre,2032
2988,Tj,2031
2989,Kiaan,2029
2990,Lauro,2027
2991,Aren,2027
2992,Faisal,2026
2993,Lavar,2025
2994,Joy,2023
2995,Miquel,2022
2996,Tavian,2021
2997,Curley,2019
2998,Abran,2018
2999,Grayden,2018
3000,Levar,2017
3001,Ruby,2017
3002,Jeronimo,2016
3003,Huston,2014
3004,Ajani,2014
3005,Anastacio,2013
3006,Ansh,2013
3007,Arion,2012
3008,Jariel,2011
3009,Zakariya,2011
3010,Azrael,2009
3011,Eian,2009
3012,Garvin,2009
3013,Konstantinos,2009
3014,Darel,2006
3015,Jansen,2006
3016,Cipriano,2005
3017,Ardell,2003
3018,Drayden,2002
3019,Kyng,2001
3020,Kennth,1999
3021,Minh,1999
3022,Furman,1999
3023,Gadiel,1999
3024,Nakia,1998
3025,Mychal,1997
3026,Nahum,1997
3027,Chayce,1995
3028,Rayvon,1994
3029,Jermain,1994
3030,Jessiah,1994
3031,Cloyd,1991
3032,Christina,1989
3033,Theophilus,1989
3034,Orson,1989
3035,Ryon,1989
3036,Conrado,1986
3037,Eliazar,1985
3038,Macklin,1985
3039,Athan,1984
3040,Jihad,1982
3041,Brooke,1981
3042,Yovani,1978
3043,Chasen,1976
3044,Cortland,1975
3045,Zephyr,1975
3046,Hurley,1975
3047,Ayush,1974
3048,Taran,1974
3049,Tino,1974
3050,Demarius,1973
3051,Slater,1972
3052,Codi,1972
3053,Coleson,1971
3054,Cyle,1971
3055,Jayven,1971
3056,Zacharias,1970
3057,Ash,1966
3058,Ellery,1965
3059,Bastian,1964
3060,Issa,1964
3061,Kamil,1964
3062,Nicole,1961
3063,Dietrich,1961
3064,Cynthia,1961
3065,Darris,1960
3066,Gaylen,1960
3067,Joao,1959
3068,Benaiah,1958
3069,Taurus,1958
3070,Christine,1958
3071,Maleek,1956
3072,Sultan,1955
3073,Dain,1953
3074,Helen,1953
3075,Cartier,1952
3076,Delmas,1951
3077,Cornelious,1949
3078,Gaspar,1945
3079,Niklaus,1945
3080,Caysen,1943
3081,Marino,1941
3082,Armen,1941
3083,Nyle,1940
3084,Karlos,1940
3085,Sir,1938
3086,Demitrius,1938
3087,Johathan,1936
3088,Larkin,1936
3089,Marcial,1934
3090,Narciso,1934
3091,Fischer,1934
3092,Kiefer,1933
3093,Diesel,1932
3094,Kylar,1931
3095,Giorgio,1931
3096,Tyreese,1931
3097,Naeem,1930
3098,Demian,1929
3099,Benji,1929
3100,Amauri,1928
3101,Mickel,1928
3102,Zyair,1928
3103,Tyshaun,1927
3104,Sherrod,1927
3105,Legacy,1925
3106,Wendel,1922
3107,Nikolaos,1922
3108,Isacc,1921
3109,Candido,1919
3110,Vikram,1919
3111,Juanpablo,1919
3112,Shiv,1918
3113,Abhinav,1917
3114,Americo,1917
3115,Golden,1916
3116,Ciaran,1916
3117,Aaryan,1912
3118,Alphonzo,1912
3119,Arvil,1912
3120,Ocie,1912
3121,Maximino,1912
3122,Dalen,1911
3123,Marlow,1910
3124,Antonino,1910
3125,Dionicio,1909
3126,Vann,1908
3127,Laken,1907
3128,Kimball,1906
3129,Laine,1906
3130,Linton,1906
3131,Zaylen,1904
3132,Maddix,1904
3133,Malique,1902
3134,Kolin,1900
3135,Herb,1899
3136,Caine,1898
3137,Jarrad,1897
3138,Danielle,1895
3139,Talen,1894
3140,Bellamy,1893
3141,Kc,1891
3142,Rohit,1890
3143,Shelly,1889
3144,Lydell,1889
3145,Drayton,1887
3146,Riggs,1886
3147,Rosalio,1886
3148,Amias,1886
3149,Quran,1881
3150,Parris,1880
3151,Zavian,1879
3152,Calder,1879
3153,Durrell,1878
3154,Jomar,1878
3155,Dontavious,1877
3156,Bronx,1877
3157,Linkin,1875
3158,Garner,1874
3159,Tex,1873
3160,Eliott,1872
3161,Kekoa,1869
3162,Tyrin,1869
3163,Tyrique,1869
3164,Cort,1869
3165,Rony,1868
3166,Lyndell,1868
3167,Long,1865
3168,Beaux,1864
3169,Ruth,1863
3170,Kalin,1860
3171,Thorin,1856
3172,Berkley,1856
3173,Domonique,1852
3174,Bryden,1852
3175,Tramaine,1852
3176,Zakari,1852
3177,Zayvion,1850
3178,Carmello,1849
3179,Hyman,1847
3180,Knowledge,1846
3181,Rashon,1845
3182,Marquan,1843
3183,Dedric,1843
3184,Cadence,1841
3185,Garren,1841
3186,Anand,1836
3187,Amy,1835
3188,Jourdan,1832
3189,Jasiel,1831
3190,Gamaliel,1831
3191,Devion,1831
3192,Salim,1831
3193,Quincey,1830
3194,Olivier,1829
3195,Hipolito,1829
3196,Valente,1827
3197,Shai,1827
3198,Tavin,1827
3199,Noa,1826
3200,Braxtyn,1826
3201,Kyrin,1825
3202,Taylen,1823
3203,Jaxsen,1822
3204,Erie,1821
3205,Cleophus,1820
3206,Theodor,1819
3207,Ezrah,1818
3208,Bryer,1817
3209,Nabil,1816
3210,Naftali,1816
3211,Treyson,1814
3212,Jareth,1813
3213,Hadley,1813
3214,Jaxtyn,1811
3215,Chayton,1811
3216,Cliffton,1808
3217,Lois,1808
3218,Kaisen,1808
3219,Clare,1801
3220,Hussain,1801
3221,Rondal,1800
3222,Waleed,1800
3223,Sanders,1800
3224,Anna,1799
3225,Ashtyn,1799
3226,Edrick,1799
3227,Quadir,1799
3228,Niall,1797
3229,Zacchaeus,1796
3230,Zaine,1795
3231,Robbin,1794
3232,Elyjah,1793
3233,Nickolaus,1790
3234,Yariel,1790
3235,Deryl,1785
3236,Shia,1783
3237,Bennet,1782
3238,Hashim,1780
3239,Haydn,1777
3240,Lindy,1776
3241,Cord,1776
3242,Simcha,1775
3243,Sandro,1774
3244,Jarius,1774
3245,Cordero,1772
3246,Trevis,1772
3247,Markanthony,1772
3248,Syrus,1770
3249,Akhil,1770
3250,Saleem,1769
3251,Jamarius,1767
3252,Brodrick,1767
3253,Authur,1765
3254,Carsyn,1763
3255,Jalin,1762
3256,Izak,1761
3257,Jhonny,1761
3258,Verl,1761
3259,Mathis,1760
3260,Shamus,1758
3261,Hazen,1758
3262,Epifanio,1758
3263,Asad,1755
3264,Young,1754
3265,Chesley,1754
3266,Atharv,1752
3267,Laird,1752
3268,Rigo,1751
3269,Tahir,1751
3270,Akshay,1751
3271,Jerrad,1751
3272,Rahim,1750
3273,Randon,1749
3274,Fitzgerald,1749
3275,Dimas,1749
3276,Kelan,1748
3277,Kylin,1748
3278,Sherrill,1748
3279,Vivek,1747
3280,Carrington,1746
3281,Gavriel,1746
3282,Baruch,1746
3283,Emily,1745
3284,Evaristo,1744
3285,Griffen,1744
3286,Jalyn,1744
3287,Glenwood,1743
3288,Macon,1742
3289,Eladio,1741
3290,Auther,1739
3291,Vernie,1739
3292,Lemar,1739
3293,Saeed,1737
3294,Paden,1736
3295,Lannie,1736
3296,Yechiel,1735
3297,Vernard,1734
3298,Arnie,1734
3299,Lucus,1733
3300,Jeanpaul,1732
3301,Shanon,1732
3302,True,1731
3303,Jaison,1731
3304,Jaylyn,1731
3305,Journey,1731
3306,Blaize,1731
3307,Kennon,1730
3308,Laurent,1730
3309,Levern,1728
3310,Caius,1728
3311,Romero,1727
3312,Durward,1727
3313,Jerron,1727
3314,Vishal,1724
3315,Allie,1724
3316,Demetrious,1724
3317,Atreus,1723
3318,Dior,1722
3319,Kobi,1721
3320,Sabino,1719
3321,Sumner,1718
3322,Talmage,1718
3323,Gloria,1718
3324,Elder,1716
3325,Kohl,1714
3326,Leron,1713
3327,Loki,1712
3328,Javaris,1712
3329,Bernabe,1712
3330,Eduard,1711
3331,Erskine,1711
3332,Rachel,1709
3333,Hilary,1709
3334,Bryar,1709
3335,Dagoberto,1708
3336,Braxten,1707
3337,Nicolai,1706
3338,Jo,1705
3339,Darryn,1704
3340,Bowie,1703
3341,Pharaoh,1703
3342,Migel,1703
3343,Gerhard,1702
3344,Crispin,1702
3345,Jamere,1702
3346,Seneca,1702
3347,Jayshawn,1701
3348,Gionni,1699
3349,Mace,1698
3350,Merl,1698
3351,Dustan,1695
3352,Coley,1695
3353,Abdullahi,1694
3354,Scout,1694
3355,Tyriq,1693
3356,Zuriel,1693
3357,Francois,1693
3358,Jayquan,1693
3359,Brooklyn,1692
3360,Zacharia,1692
3361,Roshan,1692
3362,Daryll,1691
3363,Silverio,1691
3364,Jacquez,1690
3365,Jeriah,1689
3366,Kiyan,1688
3367,Neill,1688
3368,Paulino,1688
3369,Daylin,1688
3370,Huy,1687
3371,Jashua,1686
3372,Niklas,1685
3373,Ilyas,1684
3374,Dajon,1684
3375,Granger,1683
3376,Laurance,1683
3377,Frazier,1682
3378,Gavino,1682
3379,Kordell,1679
3380,Xavian,1678
3381,Zayan,1676
3382,Geovany,1676
3383,Harlow,1676
3384,Dawayne,1676
3385,Kimani,1676
3386,Amiri,1676
3387,Aayden,1675
3388,Delwin,1675
3389,Tobey,1675
3390,Alexi,1674
3391,Hazel,1673
3392,Kathleen,1672
3393,Ryden,1671
3394,Stefon,1670
3395,Bartley,1668
3396,Sixto,1665
3397,Efraim,1665
3398,Davi,1665
3399,Cass,1664
3400,Kalob,1664
3401,Heyward,1663
3402,Virginia,1663
3403,Khalif,1663
3404,Malikai,1662
3405,Arlis,1662
3406,Mamadou,1661
3407,Avian,1660
3408,Author,1659
3409,Martel,1659
3410,Deborah,1659
3411,Alexandros,1657
3412,Kiernan,1657
3413,Jerell,1657
3414,Katherine,1657
3415,Oral,1656
3416,Otho,1655
3417,Kylian,1655
3418,Akira,1655
3419,Ferrell,1655
3420,Nickey,1653
3421,Chas,1653
3422,Demetrice,1652
3423,Giacomo,1649
3424,Ludwig,1649
3425,Kaleo,1648
3426,Christy,1645
3427,Takoda,1644
3428,Serafin,1643
3429,Alessio,1643
3430,Haris,1642
3431,Savon,1641
3432,Jc,1641
3433,Rivers,1639
3434,Kejuan,1638
3435,Kristin,1638
3436,Hillard,1638
3437,Vester,1637
3438,Teague,1635
3439,Lew,1634
3440,Jeremi,1633
3441,Damonte,1633
3442,Auden,1631
3443,Dondre,1631
3444,Iverson,1631
3445,Khyree,1630
3446,Darl,1630
3447,Abbas,1628
3448,Javien,1627
3449,Gabrial,1627
3450,Eros,1627
3451,Maddex,1627
3452,Cavan,1626
3453,Durell,1626
3454,Basilio,1625
3455,Collier,1624
3456,Kyro,1623
3457,Arham,1622
3458,Quin,1619
3459,Odie,1618
3460,Daymon,1618
3461,Farhan,1618
3462,Terrion,1618
3463,Lenox,1618
3464,Taven,1615
3465,Tylar,1615
3466,Renee,1612
3467,Dayvon,1611
3468,Connell,1611
3469,Elyas,1607
3470,Ernst,1607
3471,Octavious,1606
3472,Ronell,1606
3473,Carolyn,1605
3474,Laurie,1605
3475,Isabel,1604
3476,Tysen,1603
3477,Dalvin,1603
3478,Ramond,1602
3479,Martha,1602
3480,Noland,1601
3481,Jahari,1600
3482,Jakoby,1600
3483,Javeon,1600
3484,Leandre,1600
3485,Aziz,1599
3486,Rahsaan,1598
3487,Dolan,1598
3488,Holt,1595
3489,Norton,1593
3490,Wren,1593
3491,Justo,1592
3492,Harlon,1591
3493,Sasha,1591
3494,Pearl,1590
3495,Corben,1589
3496,Jr,1588
3497,Lenin,1588
3498,Ameen,1588
3499,Waverly,1588
3500,Washington,1586
3501,Alfonza,1584
3502,Beryl,1583
3503,Earlie,1583
3504,Ermias,1583
3505,Dashon,1582
3506,Hanson,1582
3507,Broden,1580
3508,Norval,1577
3509,Nehemias,1576
3510,Kolbe,1576
3511,Burley,1576
3512,Abdulaziz,1574
3513,Jameer,1574
3514,Kyzer,1574
3515,Gorden,1574
3516,Jabril,1573
3517,Jae,1573
3518,Augusto,1572
3519,Fenton,1570
3520,Divine,1569
3521,Danthony,1569
3522,Jarek,1569
3523,Jerred,1569
3524,Marie,1568
3525,Giovany,1566
3526,Shae,1566
3527,Kenith,1565
3528,Krystian,1565
3529,Lionell,1563
3530,Efrem,1562
3531,Acie,1562
3532,Saleh,1561
3533,Jamieson,1561
3534,Yousif,1560
3535,Adair,1559
3536,Amadeo,1559
3537,Edric,1558
3538,Rufino,1557
3539,Tylen,1556
3540,Jonpaul,1556
3541,Javontae,1553
3542,Estel,1553
3543,Eston,1549
3544,Geoff,1549
3545,Serge,1549
3546,Rockwell,1548
3547,Christan,1548
3548,Daunte,1547
3549,Matheo,1547
3550,Oneil,1546
3551,Riaan,1546
3552,Dathan,1545
3553,Cutter,1544
3554,Lary,1542
3555,Tyjuan,1542
3556,Zak,1542
3557,Waylen,1541
3558,Ender,1541
3559,Bernardino,1541
3560,Morrison,1541
3561,Treshawn,1538
3562,Darry,1536
3563,Harlin,1536
3564,Benigno,1535
3565,Montel,1534
3566,Raynaldo,1534
3567,Daulton,1533
3568,Darious,1532
3569,Vivian,1531
3570,Male,1530
3571,Sulaiman,1530
3572,Rodriquez,1530
3573,Ryatt,1529
3574,Natividad,1529
3575,Coltyn,1529
3576,Dorman,1529
3577,Yazan,1529
3578,Marquell,1528
3579,Riccardo,1528
3580,Catherine,1528
3581,Nader,1527
3582,Aleksandr,1527
3583,Prescott,1526
3584,Ramel,1523
3585,Ethyn,1523
3586,Telly,1522
3587,Toni,1522
3588,Dyson,1519
3589,Duran,1518
3590,Jacolby,1518
3591,Tray,1517
3592,Eliud,1517
3593,Kalib,1516
3594,Cornelio,1516
3595,Jadin,1515
3596,Derron,1515
3597,Geoffery,1514
3598,Ames,1514
3599,Lyn,1511
3600,Verlon,1511
3601,Derry,1508
3602,Jonathen,1507
3603,Marcoantonio,1506
3604,Larson,1506
3605,Delonte,1505
3606,Girard,1505
3607,Matheus,1505
3608,Janet,1505
3609,Bayron,1503
3610,Abdallah,1502
3611,Kamar,1502
3612,Hershell,1502
3613,Evelyn,1500
3614,Patton,1500
3615,Rayfield,1500
3616,Ronney,1500
3617,Davontae,1500
3618,Stevenson,1500
3619,Therman,1499
3620,Ozell,1499
3621,Arland,1499
3622,Montie,1499
3623,Juventino,1499
3624,Lebron,1498
3625,Manley,1498
3626,Jarron,1497
3627,Ashtin,1496
3628,Axle,1495
3629,Terran,1495
3630,Jamall,1495
3631,Detrick,1495
3632,Etienne,1494
3633,Tashawn,1494
3634,Jessee,1494
3635,Westen,1493
3636,Jahiem,1492
3637,Saverio,1492
3638,Keondre,1492
3639,Louise,1492
3640,Kyden,1491
3641,Djuan,1491
3642,Damarius,1491
3643,Torian,1490
3644,Yousuf,1488
3645,Lyam,1488
3646,Karlton,1488
3647,Olaf,1487
3648,Rapheal,1487
3649,Teegan,1486
3650,Vinh,1485
3651,Garet,1485
3652,Foy,1484
3653,Justis,1484
3654,Ronal,1484
3655,Mikell,1484
3656,Virgle,1484
3657,Vijay,1483
3658,Sedric,1483
3659,Kori,1483
3660,Keonte,1482
3661,Steffen,1482
3662,Destry,1482
3663,Zac,1480
3664,Shivam,1480
3665,Tenzin,1479
3666,Benjaman,1479
3667,Kobie,1478
3668,Heather,1478
3669,Viraj,1477
3670,Julie,1475
3671,Ved,1473
3672,Jasir,1472
3673,Kervin,1472
3674,Tayvon,1471
3675,Eoin,1471
3676,Sai,1470
3677,Nery,1470
3678,Karan,1468
3679,Arvel,1467
3680,Rommel,1467
3681,Yamil,1465
3682,Jathan,1464
3683,Anirudh,1463
3684,Mehki,1462
3685,Kage,1461
3686,Torry,1460
3687,Shakur,1458
3688,Jospeh,1458
3689,Juaquin,1458
3690,Tadd,1457
3691,Garey,1457
3692,Rhyan,1456
3693,Saxon,1456
3694,Darek,1456
3695,Catarino,1453
3696,Jerardo,1453
3697,Vasilios,1453
3698,Kaelan,1452
3699,Lakota,1452
3700,Daemon,1452
3701,Ulices,1451
3702,Antwaun,1451
3703,Bakari,1451
3704,Natan,1450
3705,Mavrick,1449
3706,Kenai,1449
3707,Ibraheem,1449
3708,Keane,1446
3709,Crue,1446
3710,Jaycee,1446
3711,Jamichael,1445
3712,Eren,1445
3713,Ricco,1445
3714,Rose,1445
3715,Derric,1443
3716,Kaedyn,1442
3717,Carlisle,1441
3718,Mikey,1441
3719,Chistopher,1440
3720,Levin,1440
3721,Usman,1439
3722,Shamir,1439
3723,Pavel,1438
3724,Perrin,1438
3725,Jadarius,1436
3726,Jawan,1436
3727,Julia,1436
3728,Albino,1436
3729,Kofi,1435
3730,Jiraiya,1435
3731,Karthik,1434
3732,Eligio,1434
3733,Kemper,1434
3734,Willaim,1434
3735,Derrion,1433
3736,Stryker,1432
3737,Darryle,1431
3738,Vaughan,1431
3739,Wilhelm,1430
3740,Jawad,1430
3741,Mickael,1430
3742,Manning,1429
3743,Shelley,1429
3744,Adil,1429
3745,Geovani,1428
3746,Calvert,1428
3747,Heston,1425
3748,Dijon,1425
3749,Shaya,1424
3750,Ryu,1424
3751,Romell,1423
3752,Arrow,1422
3753,Zade,1422
3754,Alma,1420
3755,Asael,1419
3756,Berton,1419
3757,Samer,1418
3758,Tuan,1417
3759,Fahad,1417
3760,Kacen,1416
3761,Kaius,1416
3762,Hogan,1416
3763,Diondre,1415
3764,Winton,1415
3765,Jonmichael,1414
3766,Isaih,1413
3767,Hamzah,1412
3768,Micahel,1412
3769,Ky,1412
3770,Kanon,1410
3771,Ayub,1410
3772,Bonifacio,1410
3773,Sander,1410
3774,Sione,1410
3775,Niam,1410
3776,Jamario,1409
3777,Tyreke,1409
3778,Virgilio,1409
3779,Garnet,1407
3780,Rion,1406
3781,Kadence,1406
3782,Mihir,1405
3783,Nickie,1405
3784,Aayush,1405
3785,Claire,1405
3786,Marlowe,1404
3787,Milburn,1404
3788,Woodie,1404
3789,Edan,1402
3790,Eulalio,1402
3791,Jarid,1402
3792,Arun,1402
3793,Alvino,1401
3794,Tytus,1401
3795,Yancey,1401
3796,Jamarr,1401
3797,Ruel,1400
3798,Matthews,1398
3799,Camari,1398
3800,Triton,1397
3801,Adel,1396
3802,Jahaziel,1396
3803,Bram,1396
3804,Byran,1394
3805,Benard,1394
3806,Nathon,1394
3807,Yohan,1393
3808,Jaidon,1393
3809,Tammy,1392
3810,Esdras,1391
3811,Jacqueline,1391
3812,Trysten,1391
3813,Treveon,1390
3814,Steffan,1390
3815,Tiernan,1390
3816,Finis,1390
3817,Amaury,1389
3818,Delroy,1388
3819,Kary,1388
3820,Vander,1387
3821,Dakarai,1387
3822,Orland,1387
3823,Pamela,1386
3824,Wolf,1385
3825,Diane,1385
3826,Race,1384
3827,Quan,1382
3828,Raquan,1382
3829,Jhett,1382
3830,Winslow,1380
3831,Hendrick,1379
3832,Herminio,1379
3833,Nam,1379
3834,Adyn,1379
3835,Derian,1378
3836,Worth,1378
3837,Tyshon,1375
3838,Davante,1375
3839,Mordecai,1375
3840,Shaurya,1375
3841,Selvin,1374
3842,Ezekial,1374
3843,Derreck,1373
3844,Rasheen,1373
3845,Kemari,1373
3846,Brendyn,1373
3847,Kanye,1372
3848,Issiah,1370
3849,Marcanthony,1370
3850,Lamon,1370
3851,Tyrik,1369
3852,Denise,1368
3853,Edgard,1368
3854,Amer,1368
3855,Lynden,1368
3856,Dusten,1367
3857,Sachin,1367
3858,Tejas,1367
3859,Fynn,1367
3860,Nicolo,1366
3861,Sire,1366
3862,Darryll,1366
3863,Aleksandar,1366
3864,Avon,1365
3865,Curry,1365
3866,Marquese,1365
3867,Aldair,1363
3868,Wesly,1362
3869,Brently,1362
3870,Klay,1361
3871,Viaan,1361
3872,Zyan,1361
3873,Dasean,1359
3874,Amadeus,1359
3875,Rito,1359
3876,Michaelangelo,1359
3877,Alister,1358
3878,Antuan,1358
3879,Bernell,1358
3880,Diante,1358
3881,Hagan,1358
3882,Thayne,1358
3883,Waymond,1357
3884,Yonathan,1356
3885,Zaidyn,1355
3886,Abiel,1355
3887,Gaines,1354
3888,Raziel,1354
3889,Ori,1352
3890,Raylen,1352
3891,Sigmund,1351
3892,Jailen,1351
3893,Agapito,1351
3894,Armondo,1351
3895,Adelbert,1350
3896,Masyn,1350
3897,Laurel,1350
3898,Aldon,1349
3899,Eron,1349
3900,Giovonni,1349
3901,Jaelen,1349
3902,Sholom,1349
3903,Cavin,1348
3904,Rhodes,1347
3905,Georgie,1347
3906,Corby,1345
3907,Naquan,1345
3908,Henery,1343
3909,Shreyas,1343
3910,Benjamine,1343
3911,Johnathen,1343
3912,Rehan,1343
3913,Zakery,1342
3914,Delon,1342
3915,Pearson,1341
3916,Hillel,1341
3917,Abimael,1341
3918,Yisrael,1341
3919,Keneth,1340
3920,Griffith,1339
3921,Zaki,1338
3922,Barrie,1337
3923,Apolonio,1336
3924,Reynolds,1336
3925,Zymir,1336
3926,Graig,1335
3927,Maxon,1333
3928,Stratton,1333
3929,Vernal,1332
3930,Rudra,1332
3931,Cameren,1332
3932,Jayveon,1332
3933,Jermel,1332
3934,Mychael,1331
3935,Luisangel,1331
3936,Alice,1331
3937,Alois,1331
3938,Cj,1331
3939,Rayce,1330
3940,Jun,1328
3941,Jamaine,1328
3942,Shulem,1326
3943,Dany,1326
3944,Wylder,1326
3945,Ashby,1324
3946,Jionni,1323
3947,Tryston,1323
3948,Little,1322
3949,Lorenz,1322
3950,Errick,1321
3951,Dayshawn,1319
3952,Kelson,1319
3953,Aizen,1319
3954,Jerone,1319
3955,Verlyn,1318
3956,Iran,1317
3957,Ewell,1317
3958,Mervyn,1316
3959,Kaydon,1315
3960,Ioannis,1311
3961,Ivey,1311
3962,Jaelyn,1310
3963,Naveen,1310
3964,Barret,1310
3965,Jessi,1309
3966,Aubry,1308
3967,Kodie,1308
3968,Payden,1308
3969,Soloman,1308
3970,Isidore,1307
3971,Xavior,1307
3972,Adryan,1307
3973,Julious,1307
3974,Radley,1307
3975,Manfred,1306
3976,Octavian,1305
3977,Payson,1305
3978,Chazz,1305
3979,Christpher,1304
3980,Jafet,1304
3981,Orlin,1302
3982,Niels,1302
3983,Carlito,1301
3984,Ashten,1300
3985,Briley,1299
3986,Cletis,1299
3987,Damario,1299
3988,Kavion,1299
3989,Murl,1299
3990,Karol,1299
3991,Ridley,1298
3992,Ryen,1298
3993,Damoni,1297
3994,Clancy,1296
3995,Rasheem,1296
3996,Verle,1295
3997,Logen,1293
